name,username,userId,can_dm,created_at,bio,tweets_count,followers_count,following_count,favourites_count,location,media_count,profile_banner_url,profile_url,avatar_url,verified,blue_verified
Ellie in Space 🚀💫,esherifftv,'1011814389479964672',true,2018-06-26 23:32:03,ʏᴏᴜᴛᴜʙᴇ ʜᴏꜱᴛ. ʟᴏᴠᴇʀ ᴏꜰ ꜱᴘᴀᴄᴇx ᴀɴᴅ ᴛᴇꜱʟᴀ newly bionic Independent Citizen Journalist,6476,76009,1922,24366,"Austin, TX",2350,https://pbs.twimg.com/profile_banners/1011814389479964672/1706562087,https://www.twitter.com/esherifftv,https://pbs.twimg.com/profile_images/1439112554912038917/JazqTHGO_normal.jpg,false,true
non aesthetic things,PicturesFoIder,'2538322138',true,2014-05-10 00:08:46,viral media from around the world,12098,3990069,567,4121,,10348,https://pbs.twimg.com/profile_banners/2538322138/1702845826,https://www.twitter.com/PicturesFoIder,https://pbs.twimg.com/profile_images/989513875124117504/UNMIb20k_normal.jpg,false,true
World of Statistics,stats_feed,'1335132884278108161',false,2020-12-05 03:07:34,"There are three kinds of lies: lies, damned lies, and statistics. Sister page of @engineers_feed",9307,3746024,588,1242,,551,https://pbs.twimg.com/profile_banners/1335132884278108161/1630493927,https://www.twitter.com/stats_feed,https://pbs.twimg.com/profile_images/1335168437220421632/VCHg78Nf_normal.jpg,false,true
gaut is doing nothing,0xgaut,'262018615',true,2011-03-07 00:02:51,@alongsidefi — tweets that won’t put you to sleep,23811,134659,1428,56525,Do Nothing,3206,https://pbs.twimg.com/profile_banners/262018615/1681217574,https://www.twitter.com/0xgaut,https://pbs.twimg.com/profile_images/1604808218135314432/3J-ABo1I_normal.jpg,false,true
Chairman,WSBChairman,'868578294916145152',true,2017-05-27 17:22:57,the chairman,12144,890564,1844,30105,,2155,https://pbs.twimg.com/profile_banners/868578294916145152/1642183907,https://www.twitter.com/WSBChairman,https://pbs.twimg.com/profile_images/1578084181464285184/2hiymnaG_normal.jpg,false,true
Mike Sievert,MikeSievert,'308526298',false,2011-05-31 11:20:30,"CEO of @TMobile. Proud PNW resident. Husband & Dad. Often found enjoying numerous cups of ☕️. Maritime, aviation & french fry enthusiast (one time all at once).",15121,344005,744,26029,,1992,https://pbs.twimg.com/profile_banners/308526298/1578003658,https://www.twitter.com/MikeSievert,https://pbs.twimg.com/profile_images/1428095787968262144/NWejRkMP_normal.jpg,false,true
Bill Nelson,SenBillNelson,'20597460',false,2009-02-11 10:44:25,"14th NASA Administrator  
Verification: https://t.co/6omfAFAibS",2769,388070,128,826,"Washington, D.C.",901,https://pbs.twimg.com/profile_banners/20597460/1620061965,https://www.twitter.com/SenBillNelson,https://pbs.twimg.com/profile_images/1394719231606988801/9XhY5ive_normal.jpg,false,true
Bill Maher,billmaher,'19697415',false,2009-01-29 00:19:44,The Official Bill Maher Twitter,5963,10847791,47,140,Los Angeles,1257,https://pbs.twimg.com/profile_banners/19697415/1707069513,https://www.twitter.com/billmaher,https://pbs.twimg.com/profile_images/1744432463890567168/2l7kNwU4_normal.jpg,false,true
Andrew Ross Sorkin,andrewrsorkin,'33792634',true,2009-04-20 23:22:08,"@NYTimes Columnist/Editor & @SquawkCNBC Co-Anchor. Author, Too Big To Fail. Founder, @DealBook. Co-Creator, BILLIONS @Showtime. Co-Chair @NYPL's BLC. Proud Dad.",7999,962361,3660,19487,"New York, New York",582,https://pbs.twimg.com/profile_banners/33792634/1536683711,https://www.twitter.com/andrewrsorkin,https://pbs.twimg.com/profile_images/673272991816548353/tn5thWZR_normal.jpg,false,true
Ian Miles Cheong,stillgray,'16106584',true,2008-09-02 21:44:04,I say the quiet part out loud.,469252,982874,2548,226081,Earth,52580,https://pbs.twimg.com/profile_banners/16106584/1662227888,https://www.twitter.com/stillgray,https://pbs.twimg.com/profile_images/1758737917638508544/lmdvybKp_normal.jpg,false,true
Austen Allred,Austen,'221838349',false,2010-12-01 14:13:23,Co-founder & CEO @bloomtech: the school that invests in you. Will tweet as I wish and suffer the consequences.,39551,329372,766,74090,The Oasis,3156,https://pbs.twimg.com/profile_banners/221838349/1622098809,https://www.twitter.com/Austen,https://pbs.twimg.com/profile_images/1608281295918096385/D2kh-M28_normal.jpg,false,true
Daniel,growing_daniel,'1457558434044203013',true,2021-11-07 22:59:52,I’m asking you to do something well,37313,106088,3220,217127,"San Francisco, CA",3788,https://pbs.twimg.com/profile_banners/1457558434044203013/1666751366,https://www.twitter.com/growing_daniel,https://pbs.twimg.com/profile_images/1754277993743331328/TSoLEdhE_normal.jpg,false,true
Car Dealership Guy,GuyDealership,'1475231323480543232',true,2021-12-26 17:25:38,Transparent insights into the car market. Featured in Apple News and NY Post. Host @CDG_Podcast | Industry Jobs https://t.co/TvUrG7DI0Z | DM tips,18554,455407,523,15410,Free car market insights ➔,2092,https://pbs.twimg.com/profile_banners/1475231323480543232/1701464390,https://www.twitter.com/GuyDealership,https://pbs.twimg.com/profile_images/1730588385033539584/2cTo-CCR_normal.jpg,false,true
Sriram Krishnan - sriramk.eth,sriramk,'149763',true,2006-12-22 01:29:50,“Only advance”  // optimism for all things tech and UK //  GP @a16zcrypto // podcast: @aarthisrirampod,18762,218449,796,120509,San Francisco,643,https://pbs.twimg.com/profile_banners/149763/1378163043,https://www.twitter.com/sriramk,https://pbs.twimg.com/profile_images/1486656046990970880/zfu-pvK__normal.jpg,false,true
Marc Benioff,Benioff,'22330739',false,2009-02-28 23:16:24,ceo@salesforce.com chair@time.com,37402,1098510,4229,23621,"San Francisco, CA",4335,https://pbs.twimg.com/profile_banners/22330739/1684372149,https://www.twitter.com/Benioff,https://pbs.twimg.com/profile_images/1632082155038969856/66LuM-jd_normal.jpg,false,true
Seth Dillon,SethDillon,'31700619',false,2009-04-16 05:08:44,Trafficker in misinformation.,15992,730934,1121,11572,,1366,https://pbs.twimg.com/profile_banners/31700619/1703629467,https://www.twitter.com/SethDillon,https://pbs.twimg.com/profile_images/1746363646660194304/u7QBZ4M6_normal.jpg,false,true
New Scientist,newscientist,'19658826',false,2009-01-28 11:05:49,The best place to find out what’s new in science – and why it matters.,129114,4406272,290,17625,Worldwide,59804,https://pbs.twimg.com/profile_banners/19658826/1712832906,https://www.twitter.com/newscientist,https://pbs.twimg.com/profile_images/960860144329469953/Tc-GOIGJ_normal.jpg,false,true
Brian Chesky,bchesky,'12901712',true,2008-01-31 00:54:52,Airbnb,5504,590947,155,3837,An Airbnb somewhere ,251,,https://www.twitter.com/bchesky,https://pbs.twimg.com/profile_images/1588160866733563904/5K2N7y0h_normal.jpg,false,true
AK,_akhaliq,'2465283662',true,2014-04-26 20:20:12,"AI research paper tweets, ML @Gradio (acq. by @HuggingFace 🤗)

dm for promo

follow on Hugging Face: https://t.co/q2Qoey80Gx",30194,307098,2557,30812,subscribe → ,15913,https://pbs.twimg.com/profile_banners/2465283662/1610997549,https://www.twitter.com/_akhaliq,https://pbs.twimg.com/profile_images/1451191636810092553/kpM5Fe12_normal.jpg,false,true
Oddly Satisfying,O_Satisfying,'797727562235609088',false,2016-11-13 04:07:26,DM For Credit/Removal.,1093,92119,65,146,worldwide,1064,https://pbs.twimg.com/profile_banners/797727562235609088/1678507673,https://www.twitter.com/O_Satisfying,https://pbs.twimg.com/profile_images/1634405669532225536/uc0IvP6g_normal.jpg,false,true
Danielle Fong 💁🏻‍♀️🏴‍☠️💥♻️,DanielleFong,'13232322',true,2008-02-07 21:44:54,"physics / AI / energy / art / realposting. 🏳️‍🌈/ally. cofounder, inventor, CEO, https://t.co/oSXgT0x7Mm ""extraordinary alien"" - US govt HIGH VOLUME ACCOUNT",170344,48585,8959,302928,"San Francisco, CA",14482,https://pbs.twimg.com/profile_banners/13232322/1591045948,https://www.twitter.com/DanielleFong,https://pbs.twimg.com/profile_images/1757993684614922240/SjwWIKOZ_normal.jpg,false,true
Gail Alfar,GailAlfarATX,'1233929232432205827',false,2020-02-29 20:37:51,✰ ɪɴᴅᴇᴘᴇɴᴅᴇɴᴛ ✰ ᴊᴏᴜʀɴᴀʟɪsᴛ ᴏɴ 𝕏 🙂‍↔️,51541,98182,597,93436,,9627,https://pbs.twimg.com/profile_banners/1233929232432205827/1711897435,https://www.twitter.com/GailAlfarATX,https://pbs.twimg.com/profile_images/1754618520044814336/z3Xb78bb_normal.jpg,false,true
Gavin Newsom,GavinNewsom,'11347122',false,2007-12-19 14:53:42,Husband to @JenSiebelNewsom and father. 40th Governor of California. Former Lt. Governor of California. Former San Francisco Mayor. Personal account.,16622,2114438,21412,5408,California,2169,https://pbs.twimg.com/profile_banners/11347122/1623858803,https://www.twitter.com/GavinNewsom,https://pbs.twimg.com/profile_images/1405191782984413184/AJ3ar-ad_normal.jpg,false,true
Linda Yaccarino,lindayaX,'548263294',false,2012-04-08 04:36:04,"Driven by industry progress, inspired by provocative leadership, plus don't mind a good pair of shoes or a great @PennStateFball scoreboard either.",2460,562448,1467,7934,,291,https://pbs.twimg.com/profile_banners/548263294/1690308383,https://www.twitter.com/lindayaX,https://pbs.twimg.com/profile_images/1659561668945354755/c5dthMBt_normal.jpg,false,true
The Best Ever Seen,The__seen,'1580085356829241346',true,2022-10-12 02:38:14,"The best of best for Tech, Satisfying, wholesome & Fascinating news",232,108885,11,75,United Kingdom,227,https://pbs.twimg.com/profile_banners/1580085356829241346/1672761475,https://www.twitter.com/The__seen,https://pbs.twimg.com/profile_images/1610218649905954821/kO0vjZiJ_normal.jpg,false,false
Rob Reiner,robreiner,'738080573365702657',false,2016-06-01 14:51:36,"Filmmaker, actor, producer, husband, and father.",5820,2343619,366,109915,"California, USA",29,https://pbs.twimg.com/profile_banners/738080573365702657/1551551820,https://www.twitter.com/robreiner,https://pbs.twimg.com/profile_images/740361916883730432/B44FKZvz_normal.jpg,false,true
Rachel Maddow MSNBC,maddow,'16129920',false,2008-09-04 11:02:12,"I see political people...
(Retweets do not imply endorsement.)",20428,10216859,4704,150,"New York, NY USA",643,,https://www.twitter.com/maddow,https://pbs.twimg.com/profile_images/59437078/icon-200x200_normal.jpg,false,true
Christopher Stanley,cstanley,'45715045',true,2009-06-08 20:24:55,"{title: ""Security Engineering"", company: ""@SpaceX,@X"", education: ""M.S Computer Science // Cyber Security"", opinions: ""my own""}",6541,71170,599,2646,/dev/null,830,https://pbs.twimg.com/profile_banners/45715045/1680934710,https://www.twitter.com/cstanley,https://pbs.twimg.com/profile_images/1780024858824372225/6B_BcnRm_normal.jpg,false,true
Ramp Capital,RampCapitalLLC,'2214652482',false,2013-11-25 15:40:36,"Master shape rotator (+0m followers on TikTok, never been acquired, not a parody)",144383,345046,621,278885,FinTwit ,22868,https://pbs.twimg.com/profile_banners/2214652482/1657648110,https://www.twitter.com/RampCapitalLLC,https://pbs.twimg.com/profile_images/1536508197770518528/M5sFqRBX_normal.jpg,false,true
Ed Krassenstein,EdKrassen,'132339474',true,2010-04-12 20:00:13,Web3 & AI futurist. Political Journalist. Creator of @KrassenCast. Subscribe for additional content. Follow my twin: @Krassenstein. Developing on Deso / Lens.,76007,1038061,574372,42685,"Fort Myers, FL",5851,https://pbs.twimg.com/profile_banners/132339474/1692361094,https://www.twitter.com/EdKrassen,https://pbs.twimg.com/profile_images/1700155431757193216/4iMzq_Tk_normal.jpg,false,true
Pirate Wires,PirateWires,'1237542101707096064',false,2020-03-10 20:53:33,"technology, politics, culture

get the free daily newsletter 👉🏻 https://t.co/eAh13J2v0f",1675,58352,10,1321,online,647,https://pbs.twimg.com/profile_banners/1237542101707096064/1709657581,https://www.twitter.com/PirateWires,https://pbs.twimg.com/profile_images/1749886613000470528/y5qit43g_normal.jpg,false,false
ALX 🇺🇸,alx,'534023',true,2007-01-04 07:21:45,Banned in 2020 — Freed by Elon Musk in 2022 #BringThemBack  — 𝕏 is Inevitable,46201,695993,2628,66110,𝙊𝙉𝙇𝙄𝙉𝙀,12471,https://pbs.twimg.com/profile_banners/534023/1704064283,https://www.twitter.com/alx,https://pbs.twimg.com/profile_images/1780219882132631552/hnvZdZjK_normal.jpg,false,true
Owen Sparks,OwenSparks_,'829829626180599808',true,2017-02-09 18:09:35,"Reporting on the latest in Space Exploration, Energy, and Electric Cars | LETS GO TO MARS BABY 🚀",19622,16872,977,127828,"Newport, RI",3958,https://pbs.twimg.com/profile_banners/829829626180599808/1711988540,https://www.twitter.com/OwenSparks_,https://pbs.twimg.com/profile_images/1477158753560670216/7Tsz0u1m_normal.jpg,false,true
Tesla Owners Silicon Valley,teslaownersSV,'1016059981907386368',true,2018-07-08 16:42:31,The most notorious Tesla club in the world. Creator of @thextakeover and run @tslabeatpodcast. Taking #teslatakeover global. Reposts aren’t endorsements.,140544,916276,572,132893,Silicon Valley,40287,https://pbs.twimg.com/profile_banners/1016059981907386368/1691984286,https://www.twitter.com/teslaownersSV,https://pbs.twimg.com/profile_images/1694755043638140928/9EnIf30U_normal.jpg,false,false
Patrick Traughber,ptraughber,'15216569',true,2008-06-24 02:12:25,building products at @x. @Cal grad. 🌳 🇺🇸 🌊,26638,19579,2576,207062,"San Francisco, CA",3062,https://pbs.twimg.com/profile_banners/15216569/1492054880,https://www.twitter.com/ptraughber,https://pbs.twimg.com/profile_images/1484234048062902272/yPncCKMt_normal.jpg,false,true
Andrea Conway,ehikian,'41608741',false,2009-05-21 11:34:42,working on what you’re looking at // designer @x,4697,51063,973,22158,,273,https://pbs.twimg.com/profile_banners/41608741/1620958576,https://www.twitter.com/ehikian,https://pbs.twimg.com/profile_images/1395062575046402049/HhK7945u_normal.jpg,false,true
Evan Jones,evanstnlyjones,'53211871',true,2009-07-02 18:38:47,@x,816,21458,1317,6183,,10,https://pbs.twimg.com/profile_banners/53211871/1683846685,https://www.twitter.com/evanstnlyjones,https://pbs.twimg.com/profile_images/1378707261233709056/CHUIH9Fu_normal.jpg,false,true
Sir Doge of the Coin ⚔️,dogeofficialceo,'1355945100216573952',true,2021-01-31 13:24:47,Protector of Coin 🐶🪙 Self-proclaimed king of memes 👑🇮🇪,69100,269212,522,241021,𝕏Ð,16353,https://pbs.twimg.com/profile_banners/1355945100216573952/1615602619,https://www.twitter.com/dogeofficialceo,https://pbs.twimg.com/profile_images/1608804759258939392/7z_cf2bb_normal.jpg,false,true
Robert Scoble,Scobleizer,'13348',true,2006-11-20 18:43:44,"Follow me on my new podcast with AI startups, Unaligned. Tech industry color commentator since 1993. Author/Blogger. Former strategist @Microsoft.",169983,503950,72165,367847,My Free Newsletter 👉,4346,https://pbs.twimg.com/profile_banners/13348/1711306222,https://www.twitter.com/Scobleizer,https://pbs.twimg.com/profile_images/1719781327527133184/oOgZZpVK_normal.jpg,false,true
Brian Krassenstein,krassenstein,'133938408',true,2010-04-16 21:43:56,"AI & Technology, Political commentary, https://t.co/QLFtPL7p3g cofounder @KrassenCast - Follow My Brother: @EdKrassen.",91255,826457,493575,43736,"Fort Myers, FL",8158,https://pbs.twimg.com/profile_banners/133938408/1692370782,https://www.twitter.com/krassenstein,https://pbs.twimg.com/profile_images/1699761753230299136/zTVYw4j0_normal.jpg,false,true
Evelyn Janeidy Arevalo,JaneidyEve,'92570825',true,2009-11-25 12:34:49,Write about NASA & SpaceX at 𝕮𝖔𝖘𝖒𝖎𝖈 𝕮𝖍𝖗𝖔𝖓𝖎𝖈𝖑𝖊𝖘 https://t.co/F8IYIhCzmA ☆ Consciousness arose miraculously enough reason to live passionately. ☆,51108,32448,7803,97915,"Starbase, Texas, USA",4175,https://pbs.twimg.com/profile_banners/92570825/1713252095,https://www.twitter.com/JaneidyEve,https://pbs.twimg.com/profile_images/1744957404133859328/VGh65JfB_normal.jpg,false,true
Not Jerome Powell,alifarhat79,'105852422',true,2010-01-17 13:19:36,"Not associated with the Federal Reserve. Financial Parody and sarcasm, control of the world’s liquidity. Not investment advice",71874,434962,673,126360,,15217,https://pbs.twimg.com/profile_banners/105852422/1639176969,https://www.twitter.com/alifarhat79,https://pbs.twimg.com/profile_images/1469441193209733127/Iuv1R7sk_normal.jpg,false,true
MrBeast,MrBeast,'2455740283',false,2014-04-20 20:28:42,X Super Official CEO,6617,29348390,1975,24133,Follow me for a cookie,803,https://pbs.twimg.com/profile_banners/2455740283/1601560191,https://www.twitter.com/MrBeast,https://pbs.twimg.com/profile_images/994592419705274369/RLplF55e_normal.jpg,false,true
Ron Howard,RealRonHoward,'125481462',false,2010-03-22 19:41:31,Family Man & StorySmith Co-Founder of Imagine Entertainment,19359,2503086,487,5007,"Beverly Hills, CA",3040,https://pbs.twimg.com/profile_banners/125481462/1530135680,https://www.twitter.com/RealRonHoward,https://pbs.twimg.com/profile_images/1012088938440212480/sqKBvT7y_normal.jpg,false,true
Stephen King,StephenKing,'2233154425',false,2013-12-06 10:26:35,Author,8708,7113317,161,41,,434,,https://www.twitter.com/StephenKing,https://pbs.twimg.com/profile_images/378800000836981162/b683f7509ec792c3e481ead332940cdc_normal.jpeg,false,true
Engineering Ai,EngineeringInsd,'1289373946010169345',true,2020-07-31 21:35:05,Bringing some wholesome engineering content to X. Dm for submissions & credits ⚒️,527,223191,3479,546,Netherlands,454,https://pbs.twimg.com/profile_banners/1289373946010169345/1692382067,https://www.twitter.com/EngineeringInsd,https://pbs.twimg.com/profile_images/1721949562628087808/k5TL6uaw_normal.jpg,false,true
Joe Lonsdale,JTLonsdale,'134321104',false,2010-04-17 23:00:56,"I'm an entrepreneur, investor, & philanthropist. I founded @PalantirTech @Addepar @UAustinOrg @8VC & other mission-driven orgs. Bold policy @InstituteCicero",6325,123329,348,92470,"Austin, Texas USA",337,https://pbs.twimg.com/profile_banners/134321104/1595536359,https://www.twitter.com/JTLonsdale,https://pbs.twimg.com/profile_images/1236890624860647425/OoIVpijy_normal.jpg,false,true
Jon Erlichman,JonErlichman,'164425558',true,2010-07-08 17:17:18,"Tech, stocks & business history. Anchor “The Open” 9-10am on @BNNBloomberg & “Bloomberg Markets” 1-2pm on @BloombergTV 💍 @carolinelesley",30764,401908,102,14383,Toronto,10791,https://pbs.twimg.com/profile_banners/164425558/1568886702,https://www.twitter.com/JonErlichman,https://pbs.twimg.com/profile_images/1608140927112970244/f45SMuqJ_normal.jpg,false,true
Rob Maurer,TeslaPodcast,'898021206967951360',true,2017-08-16 23:18:34,"Rob Maurer hosts Tesla Daily - news and analysis on Tesla, Inc., published every weekday.",4842,291188,106,5694,"Chicago, IL",543,https://pbs.twimg.com/profile_banners/898021206967951360/1503414849,https://www.twitter.com/TeslaPodcast,https://pbs.twimg.com/profile_images/899999295621001217/IlYaynSx_normal.jpg,false,true
DogeDesigner,cb_doge,'1389913567671975937',true,2021-05-05 08:03:43,UX/UI & Graphic Designer at Dogecoin & MyDoge Inc./ 𝕏 Creator,27882,569548,973,76224,Dogecoin.com,12754,https://pbs.twimg.com/profile_banners/1389913567671975937/1711058670,https://www.twitter.com/cb_doge,https://pbs.twimg.com/profile_images/1498070100393754625/C2V-fbll_normal.jpg,false,true
Pierre Ferragu,p_ferragu,'981179219207213057',true,2018-04-03 10:38:50,Commenting on technology - no investment recommendations.,2455,92340,60,650,Planet Earth,281,https://pbs.twimg.com/profile_banners/981179219207213057/1611790084,https://www.twitter.com/p_ferragu,https://pbs.twimg.com/profile_images/1080902406282592257/5jP3Q-HG_normal.jpg,false,true
Jason DeBolt ⚡️,jasondebolt,'298274977',true,2011-05-13 21:20:00,"All in Tesla investor since 2013 | Retired | Software Engineer | Philosophy | My tweets/DM’s are not financial advice | I don’t sell anything, watch for scams.",14854,164645,5105,81210,,637,https://pbs.twimg.com/profile_banners/298274977/1665791973,https://www.twitter.com/jasondebolt,https://pbs.twimg.com/profile_images/1514322263138467843/r2H1r393_normal.jpg,false,true
Gali,Gfilche,'348844712',true,2011-08-04 22:58:07,HyperChange⚡️ philosorapter🦖 $TSLA nerd 🤓 vc @HyperGuap💵 launching a sitcom @2vcbros,10972,136381,477,27173,🛸,1505,https://pbs.twimg.com/profile_banners/348844712/1698142800,https://www.twitter.com/Gfilche,https://pbs.twimg.com/profile_images/1716761062345998336/xZsWdciN_normal.jpg,false,true
stevenmarkryan,stevenmarkryan,'31263848',true,2009-04-14 19:28:29,"I make the occasional video and own a bit of $TSLA.

SOLVING THE MONEY PROBLEM.

Subscribe for early access to daily videos.

Alt account: @SMR420

#TSLA",16897,290414,155,16258,Earth,3742,https://pbs.twimg.com/profile_banners/31263848/1575953264,https://www.twitter.com/stevenmarkryan,https://pbs.twimg.com/profile_images/1295881160879415300/_Y5CVaOU_normal.jpg,false,true
Farzad,farzyness,'17862108',true,2008-12-04 01:33:32,,57678,203522,1032,71189,,4230,https://pbs.twimg.com/profile_banners/17862108/1692111288,https://www.twitter.com/farzyness,https://pbs.twimg.com/profile_images/1756427926080307200/6o9Luupx_normal.jpg,false,true
Libs of TikTok,libsoftiktok,'1326229737551912960',true,2020-11-10 13:26:33,News you can’t see anywhere else. 📧 submissions@libsoftiktok.com. DM submissions. Bookings: bookings@libsoftiktok.com. ⬇️Subscribe to our newsletter,7886,3039473,853,29211,Depths of Hell,3195,https://pbs.twimg.com/profile_banners/1326229737551912960/1613633975,https://www.twitter.com/libsoftiktok,https://pbs.twimg.com/profile_images/1489097242321428482/sQSUN_M6_normal.jpg,false,true
The Redheaded libertarian,TRHLofficial,'37190937',true,2009-05-02 08:54:03,HOST of @SpacesWithJosie @Timcast • Revolutionary Historian • “vividly vulgar” -NYTimes • Weirdest Haters Youve Ever Seen • Do No Harm But Take No Sh*t• 1776 AF,140871,633507,1764,263420,"Florida, USA",21432,https://pbs.twimg.com/profile_banners/37190937/1695506501,https://www.twitter.com/TRHLofficial,https://pbs.twimg.com/profile_images/1699388960949084160/rb8NBbh__normal.jpg,false,true
Tim Pool,Timcast,'27000730',false,2009-03-27 09:16:56,"Host of Timcast IRL And CEO @Timcastnews 
Host of The Culture War Podcast on @watchTENETnow",24279,2010813,928,1483,Harpers Ferry,2615,https://pbs.twimg.com/profile_banners/27000730/1398254847,https://www.twitter.com/Timcast,https://pbs.twimg.com/profile_images/1554464415944249346/SIzmWW9p_normal.jpg,false,true
Dave Rubin,RubinReport,'18379614',false,2008-12-25 16:38:44,Florida Man,100829,1491886,891,41519,🐊😎🇺🇸,18981,https://pbs.twimg.com/profile_banners/18379614/1685469233,https://www.twitter.com/RubinReport,https://pbs.twimg.com/profile_images/1767485864576212993/WvJWo89s_normal.jpg,false,true
Oversight Committee,GOPoversight,'22508473',false,2009-03-02 12:30:34,"House Committee on Oversight and Accountability 
Est. 1814 | Chairman @RepJamesComer",23213,291537,12009,6622,Washington D.C.,3554,https://pbs.twimg.com/profile_banners/22508473/1673309873,https://www.twitter.com/GOPoversight,https://pbs.twimg.com/profile_images/1612604603433947136/le1ekzh0_normal.jpg,false,true
James Stephenson,ICannot_Enough,'367237480',false,2011-09-03 12:36:48,@ElonMusk and I own Tesla (along with several other people).,37812,201727,716,47551,Florida,12517,https://pbs.twimg.com/profile_banners/367237480/1697918987,https://www.twitter.com/ICannot_Enough,https://pbs.twimg.com/profile_images/1334264832397291522/AR2jbpaD_normal.jpg,false,true
Déborah,dvorahfr,'2178040394',false,2013-11-06 08:08:02,"Exhibition of my AI Illustrations by Midjourney and Art of all kinds!
 Follow me for Art",41135,56166,2572,104353,France,11978,https://pbs.twimg.com/profile_banners/2178040394/1692516505,https://www.twitter.com/dvorahfr,https://pbs.twimg.com/profile_images/1605451924144373760/K27zpEfc_normal.jpg,false,true
zerohedge,zerohedge,'18856867',false,2009-01-10 23:08:58,,539379,1839744,901,18,,22235,,https://www.twitter.com/zerohedge,https://pbs.twimg.com/profile_images/72647502/tyler_normal.jpg,false,true
Narendra Modi,narendramodi,'18839785',false,2009-01-10 12:18:56,Prime Minister of India,41320,97304221,2664,0,India,15518,https://pbs.twimg.com/profile_banners/18839785/1694158725,https://www.twitter.com/narendramodi,https://pbs.twimg.com/profile_images/1700051019525488640/VRqy0bTE_normal.jpg,false,true
Military History Now,MilHistNow,'576675214',false,2012-05-10 19:47:22,"#MilitaryHistory. Daily tweets, original content & giveaways. Authors, tell us about your books: editor@militaryhistorynow.com",20257,174205,3798,8620,,14153,https://pbs.twimg.com/profile_banners/576675214/1559954079,https://www.twitter.com/MilHistNow,https://pbs.twimg.com/profile_images/1135526156084699137/up6ph1IC_normal.png,false,true
Engineering,XEng,'6844292',false,2007-06-15 20:14:36,Updates from our engineering team,931,1356325,6,269,San Francisco,65,https://pbs.twimg.com/profile_banners/6844292/1690213191,https://www.twitter.com/XEng,https://pbs.twimg.com/profile_images/1683502255574593536/anU7i4uA_normal.jpg,false,true
The Knowledge Archivist,KnowledgeArchiv,'1481084085296517120',true,2022-01-11 21:02:34,Useful knowledge from the lives of the Greatest People in History. Learn the stories and insights about influential people you should have learned in school.,9706,160442,256,30519,Merch:,2067,https://pbs.twimg.com/profile_banners/1481084085296517120/1695423251,https://www.twitter.com/KnowledgeArchiv,https://pbs.twimg.com/profile_images/1624054117248139265/9GYYD2Z-_normal.jpg,false,true
Barack Obama,BarackObama,'813286',false,2007-03-05 17:08:25,"Dad, husband, President, citizen.",17017,131869603,542968,10,"Washington, DC",2626,https://pbs.twimg.com/profile_banners/813286/1712782825,https://www.twitter.com/BarackObama,https://pbs.twimg.com/profile_images/1329647526807543809/2SGvnHYV_normal.jpg,false,true
Department of State,StateDept,'9624742',false,2007-10-23 11:02:45,Welcome to the U.S. Department of State Twitter account. Follow @SecBlinken for more from the Secretary. For all Department accounts: https://t.co/VpbtF1LASc.,82111,6418145,344,62,"Washington, DC",16955,https://pbs.twimg.com/profile_banners/9624742/1683047656,https://www.twitter.com/StateDept,https://pbs.twimg.com/profile_images/1653450164210630659/oPRqz0j6_normal.jpg,false,true
Tim Sweeney,TimSweeneyEpic,'1686323288',false,2013-08-20 13:37:03,Epic Games founder and CEO,15862,264831,459,22688,,713,,https://www.twitter.com/TimSweeneyEpic,https://pbs.twimg.com/profile_images/795819168629198849/SBY3ARvZ_normal.jpg,false,true
CBS Saturday Morning,cbssaturday,'1380137639173558276',false,2021-04-08 08:37:23,"Welcome to the weekend! Join Michelle Miller, Dana Jacobson and Jeff Glor for two hours of news and profiles of leading figures in culture and the arts.",1909,8258,66,231,"New York, NY",1435,https://pbs.twimg.com/profile_banners/1380137639173558276/1663618033,https://www.twitter.com/cbssaturday,https://pbs.twimg.com/profile_images/1571954006917775361/D0QDdbkF_normal.jpg,false,true
Rishi Sunak,RishiSunak,'1168968080690749441',false,2019-09-03 15:25:03,Prime Minister of the United Kingdom 🇬🇧 @Conservatives leader. MP for Richmond (Yorks).,4005,2336912,275,404,,1793,https://pbs.twimg.com/profile_banners/1168968080690749441/1698858155,https://www.twitter.com/RishiSunak,https://pbs.twimg.com/profile_images/1572638567381307394/AEahAxu5_normal.jpg,false,true
Geoffrey Hinton,geoffreyhinton,'1084212657761148928',false,2019-01-12 17:16:56,deep learning,124,335417,28,5,,2,,https://www.twitter.com/geoffreyhinton,https://pbs.twimg.com/profile_images/1084213316963057664/fQGCUSt0_normal.jpg,false,true
Yann LeCun,ylecun,'48008938',false,2009-06-17 12:05:51,"Professor at NYU. Chief AI Scientist at Meta.
Researcher in AI, Machine Learning, Robotics, etc.
ACM Turing Award Laureate.",18902,706444,714,18695,New York,310,https://pbs.twimg.com/profile_banners/48008938/1642547502,https://www.twitter.com/ylecun,https://pbs.twimg.com/profile_images/1483577865056702469/rWA-3_T7_normal.jpg,false,true
Igor Babuschkin,ibab_ml,'1233216503626924033',true,2020-02-27 21:25:13,Maybe the real AGI was the friends we made along the way. @xAI,392,44359,676,2093,"San Francisco, CA",32,https://pbs.twimg.com/profile_banners/1233216503626924033/1689573511,https://www.twitter.com/ibab_ml,https://pbs.twimg.com/profile_images/1233219229496668160/l1xzePUi_normal.jpg,false,true
Aesthetica,Anc_Aesthetics,'1498032293671325699',true,2022-02-27 15:28:33,Concept Artist | Aesthetics | History | Chivalry | Fantasy,9275,384069,281,29725,,4317,https://pbs.twimg.com/profile_banners/1498032293671325699/1652802037,https://www.twitter.com/Anc_Aesthetics,https://pbs.twimg.com/profile_images/1508184879980326927/wMgrng0V_normal.jpg,false,true
🏛Architectolder,Architectolder,'1171839899890311173',true,2019-09-11 13:36:29,Wandering.,109390,207967,624,199246,Wandering ,18252,https://pbs.twimg.com/profile_banners/1171839899890311173/1585956609,https://www.twitter.com/Architectolder,https://pbs.twimg.com/profile_images/1233909865015398401/nVlotGnh_normal.jpg,false,true
ZUBY:,ZubyMusic,'57441414',true,2009-07-16 16:44:53,Rapper. Author. Public Speaker. Coach. Host of 'Real Talk with Zuby' podcast. 'Strong Advice' fitness eBook - https://t.co/jZuDYSwVKR,162760,1196621,3979,203281,Global,9390,https://pbs.twimg.com/profile_banners/57441414/1672693776,https://www.twitter.com/ZubyMusic,https://pbs.twimg.com/profile_images/1363770757709508608/EBWhpEq0_normal.jpg,false,true
National Geographic,NatGeo,'17471979',true,2008-11-18 16:28:10,Taking our understanding and awareness of the world further for more than 135 years,71995,29186221,192,7683,Global,8023,https://pbs.twimg.com/profile_banners/17471979/1700075778,https://www.twitter.com/NatGeo,https://pbs.twimg.com/profile_images/1592560747707600897/6_8AjTmK_normal.jpg,false,true
ARK Invest,ARKInvest,'2398137084',false,2014-03-19 12:36:53,"Investment advisor focused solely on #disruptive #innovation. 
Disclosure: https://t.co/7lwRaEv61H",9545,767388,859,5333,"St. Petersburg, FL",2401,https://pbs.twimg.com/profile_banners/2398137084/1588202700,https://www.twitter.com/ARKInvest,https://pbs.twimg.com/profile_images/1189207021146509313/yvzyuloD_normal.jpg,false,false
Daniel Ek,eldsjal,'11094232',false,2007-12-12 11:39:54,"Father, CEO and Founder of @Spotify, @PrimaMateria_ and @NekoHealth",6881,309201,813,2091,The interwebs,225,https://pbs.twimg.com/profile_banners/11094232/1669841804,https://www.twitter.com/eldsjal,https://pbs.twimg.com/profile_images/1598058758168449024/br-KwHDV_normal.jpg,false,true
Thierry Breton,ThierryBreton,'785411705916559360',false,2016-10-10 05:28:37,"Together, taking Europe forward 🇪🇺 Commissaire européen | Europäischer Kommissar | #industry #services #digital #tourism #audiovisual #space #defence",3069,139684,100,2005,"Brussels, Belgium",1490,https://pbs.twimg.com/profile_banners/785411705916559360/1588674743,https://www.twitter.com/ThierryBreton,https://pbs.twimg.com/profile_images/1262299101951135744/A_LWM0lP_normal.jpg,false,true
Chris Bakke,ChrisJBakke,'1361124510',true,2013-04-18 01:57:04,X. Founder with exits to @X @Indeed @Zillow,5036,208671,197,46744,"Danville, CA",1144,https://pbs.twimg.com/profile_banners/1361124510/1712858543,https://www.twitter.com/ChrisJBakke,https://pbs.twimg.com/profile_images/1491961095136763905/Sd8XRL5__normal.jpg,false,true
Black Hole,konstructivizm,'138882249',true,2010-04-30 18:23:32,"Only New Content, news, articles, images, videos, and discussion
#space,#FollowMe, #Nature, #astronomy, #Nasa,  #astrophotography, #science",35880,560014,39084,21066,France,35068,https://pbs.twimg.com/profile_banners/138882249/1582033612,https://www.twitter.com/konstructivizm,https://pbs.twimg.com/profile_images/1229760579650363392/LSX8S-Dq_normal.jpg,false,false
Hakeem Jeffries,RepJeffries,'467823431',true,2012-01-18 16:54:44,Brooklyn Congressman. Leader @HouseDemocrats. Work hard. Stay focused. Deliver results #ForThePeople.,5640,980349,1094,638,"Brooklyn, NY",1226,https://pbs.twimg.com/profile_banners/467823431/1414444613,https://www.twitter.com/RepJeffries,https://pbs.twimg.com/profile_images/843897836383158274/hmHktXQP_normal.jpg,false,false
Canadian Space Agency,csa_asc,'93714983',false,2009-11-30 16:37:50,"The Canadian Space Agency coordinates all civil, space-related programs on behalf of the Government of Canada. Terms: https://t.co/58Nfe1GL0V (Français @asc_csa)",39061,377810,1274,12480,"Saint-Hubert, Quebec, Canada",8225,https://pbs.twimg.com/profile_banners/93714983/1680537798,https://www.twitter.com/csa_asc,https://pbs.twimg.com/profile_images/1636344641543872514/nGFS2okP_normal.jpg,false,false
Defiant L’s,DefiantLs,'1390762874809761793',true,2021-05-07 16:18:13,Some Are Defiant • Most Are Hypocrites • DM Submissions,3194,1035681,94,26820,,2186,https://pbs.twimg.com/profile_banners/1390762874809761793/1710377019,https://www.twitter.com/DefiantLs,https://pbs.twimg.com/profile_images/1428167484406964229/Q8fS7M5X_normal.jpg,false,true
ShitpostGateway,ShitpostGate,'1474091860025122817',true,2021-12-23 13:57:58,Love Shitposting and posting whatever I want/mostly memes/some personal stuff I like. Love old school stuff including weapons.,26226,1306923,2026,1710,Psych ward,13774,https://pbs.twimg.com/profile_banners/1474091860025122817/1705207068,https://www.twitter.com/ShitpostGate,https://pbs.twimg.com/profile_images/1655280202824417287/XGiBiQze_normal.jpg,false,true
Byte,ByteEcosystem,'1470792056406560775',true,2021-12-14 11:27:36,A vast repository of technological progress. For the benefit of humanity. Sign up for the newsletter: https://t.co/Rh1TsTnllD. 🔭🌎🚀🛰️🧬🌿🪐,525,234461,5,178,Earth,434,https://pbs.twimg.com/profile_banners/1470792056406560775/1696021982,https://www.twitter.com/ByteEcosystem,https://pbs.twimg.com/profile_images/1705284966769360897/I2IH2EtC_normal.jpg,false,true
Lisa Su,LisaSu,'836224570013138944',false,2017-02-27 09:40:48,Chair and CEO of @AMD,371,161478,338,895,"Austin, TX",209,https://pbs.twimg.com/profile_banners/836224570013138944/1655770024,https://www.twitter.com/LisaSu,https://pbs.twimg.com/profile_images/836654735553777664/gWyrS-2a_normal.jpg,false,true
isabelle 🪐,isabelleboemeke,'180635485',false,2010-08-19 23:02:44,nuclear energy is clean energy 💎 in a simulation founder of @isodope @ZodiacMgmt,4460,62507,867,24815,United States,569,https://pbs.twimg.com/profile_banners/180635485/1657642865,https://www.twitter.com/isabelleboemeke,https://pbs.twimg.com/profile_images/1573072851250434048/ub80xfvq_normal.jpg,false,true
Satya Nadella,satyanadella,'20571756',false,2009-02-10 23:45:34,Chairman and CEO at Microsoft,1705,3256077,286,437,,109,https://pbs.twimg.com/profile_banners/20571756/1553288451,https://www.twitter.com/satyanadella,https://pbs.twimg.com/profile_images/1221837516816306177/_Ld4un5A_normal.jpg,false,true
Community Notes,CommunityNotes,'1319036828964454402',true,2020-10-21 18:04:47,"Empowering users to create a better-informed world.

We're open source and data is publicly available: https://t.co/Te3IjR10Ix

Q? Reply/DM",401,926710,0,235,,85,https://pbs.twimg.com/profile_banners/1319036828964454402/1690212143,https://www.twitter.com/CommunityNotes,https://pbs.twimg.com/profile_images/1685001119934607360/Dh2Z7jCt_normal.png,false,true
George RR Martin,GRRMspeaking,'2557037323',false,2014-06-09 11:07:47,New blog at https://t.co/7bmMBZobTM,1651,1507394,138,608,Santa Fe and beyond,603,https://pbs.twimg.com/profile_banners/2557037323/1599602478,https://www.twitter.com/GRRMspeaking,https://pbs.twimg.com/profile_images/779000319644569600/Y3WMnZUG_normal.jpg,false,true
End Wokeness,EndWokeness,'1552795969959636992',true,2022-07-28 19:20:28,"Fighting, exposing, and mocking wokeness. DM for submissions",11743,2486505,1061,8777,,5151,,https://www.twitter.com/EndWokeness,https://pbs.twimg.com/profile_images/1563691268793946117/OedvhFeS_normal.jpg,false,true
Chuck Schumer,SenSchumer,'17494010',false,2008-11-19 15:10:20,"Official Account of Senator Chuck Schumer, New York’s Senator and the Senate Majority Leader.",26428,3455611,22627,1968,"New York, NY",4233,https://pbs.twimg.com/profile_banners/17494010/1611181724,https://www.twitter.com/SenSchumer,https://pbs.twimg.com/profile_images/1409227745670975489/UVBQFdbf_normal.jpg,false,true
Greta Thunberg,GretaThunberg,'1006419421244678144',true,2018-06-12 02:14:23,Autistic climate justice activist Born at 375 ppm,11912,5617232,2874,17248,Sverige,871,https://pbs.twimg.com/profile_banners/1006419421244678144/1559499911,https://www.twitter.com/GretaThunberg,https://pbs.twimg.com/profile_images/1459213153301053442/rL5hhpAI_normal.jpg,false,true
William MacAskill,willmacaskill,'363005534',false,2011-08-27 06:56:52,Moral philosopher at Oxford. Author of Doing Good Better and What We Owe The Future.,582,64573,1287,1261,Oxford,56,https://pbs.twimg.com/profile_banners/363005534/1694448376,https://www.twitter.com/willmacaskill,https://pbs.twimg.com/profile_images/1514946347081818114/4vR6uPdG_normal.jpg,false,true
Scott Adams,ScottAdamsSays,'2853461537',false,2014-10-31 13:15:36,"The twice-canceled book that will change your life (literally).

Reframe Your Brain available now!
https://t.co/EtD6pI8L4w",132062,1135159,2094,79145,Pleasanton CA,2375,https://pbs.twimg.com/profile_banners/2853461537/1695931959,https://www.twitter.com/ScottAdamsSays,https://pbs.twimg.com/profile_images/1765853097027678208/TeO4k07J_normal.jpg,false,true
Patrick Collison,patrickc,'4939401',true,2007-04-16 21:46:27,"@Stripe CEO, @ArcInstitute cofounder.",9336,456110,29,25546,patrick@stripe.com,814,https://pbs.twimg.com/profile_banners/4939401/1621360905,https://www.twitter.com/patrickc,https://pbs.twimg.com/profile_images/825622525342199809/_iAaSUQf_normal.jpg,false,true
tobi lutke,tobi,'676573',false,2007-01-21 15:23:15,"@Shopify CEO by day, Dad in evening, hacker at night. Aspiring comprehensivist. (tweets auto delete) retweet/like=noteworthy share, not endorsement",4863,337924,1983,5644,Canada,259,https://pbs.twimg.com/profile_banners/676573/1700933500,https://www.twitter.com/tobi,https://pbs.twimg.com/profile_images/1730277931656544256/SwXZpzI4_normal.jpg,false,true
Will Durant (Quotes),DurantQuotesBot,'1483247571082440704',true,2022-01-17 20:19:21,"Daily quotes from the historian of civilization! (This account is not the author's; he died in 1981. I am only @BrennanColberg, a reader of his.)",845,22025,26,20,,4,https://pbs.twimg.com/profile_banners/1483247571082440704/1642468957,https://www.twitter.com/DurantQuotesBot,https://pbs.twimg.com/profile_images/1483247662979633154/8oeSPSIg_normal.jpg,false,true
"Peter H. Diamandis, MD",PeterDiamandis,'14710129',true,2008-05-09 01:22:23,"Exec. Chairman, @xprize, @fountainlife_hq. Host and curator @abundance360. Working to extend human healthspan.",12384,256425,1704,7490,"iPhone: 34.060616,-118.444359",2206,https://pbs.twimg.com/profile_banners/14710129/1589572832,https://www.twitter.com/PeterDiamandis,https://pbs.twimg.com/profile_images/1270804940936503296/oVhO8Njn_normal.jpg,false,true
Paul Graham,paulg,'183749519',false,2010-08-27 16:13:59,,41422,1858903,770,98534,,1319,https://pbs.twimg.com/profile_banners/183749519/1401332683,https://www.twitter.com/paulg,https://pbs.twimg.com/profile_images/1824002576/pg-railsconf_normal.jpg,false,true
H0W_THlNGS_W0RK,HowThingsWork_,'1444760227576881156',true,2021-10-03 16:24:36,"The Official How Things Work page. Tech,AI,Art,Science & loads more. Also all the best news & viral content from around the globe.",5286,2109636,7530,13792,United Kingdom,3376,https://pbs.twimg.com/profile_banners/1444760227576881156/1670874815,https://www.twitter.com/HowThingsWork_,https://pbs.twimg.com/profile_images/1592626494546796545/YxyPborr_normal.jpg,false,true
The Cultural Tutor,culturaltutor,'1524407286910930944',true,2022-05-11 11:13:42,A beautiful education.,13006,1729177,65,93,7 short lessons every Friday:,10404,https://pbs.twimg.com/profile_banners/1524407286910930944/1652284733,https://www.twitter.com/culturaltutor,https://pbs.twimg.com/profile_images/1524409613558464513/GeaYexsJ_normal.jpg,false,true
Wall Street Silver,WallStreetSilv,'1366565625401909249',false,2021-03-01 20:47:11,"Finance, economics, news, memes and silver. Contact Ivan via Linktree ...",28028,1288503,664,109255,👉,9856,https://pbs.twimg.com/profile_banners/1366565625401909249/1673370883,https://www.twitter.com/WallStreetSilv,https://pbs.twimg.com/profile_images/1482179968083836928/7prxRZ4M_normal.jpg,false,false
Anna Giaritelli,Anna_Giaritelli,'1064535738',true,2013-01-05 21:20:33,Homeland Security & Immigration Reporter @dcexaminer • 50+ border trips • B.A. Journalism ‘11 @AsburyUniv •  https://t.co/5vH4uvcInq,7932,31534,725,7832,"Washington, D.C.",1637,https://pbs.twimg.com/profile_banners/1064535738/1689349083,https://www.twitter.com/Anna_Giaritelli,https://pbs.twimg.com/profile_images/1764025982401630208/Vc4AD9Sd_normal.jpg,false,true
The Rabbit Hole,TheRabbitHole84,'1485689970593468416',true,2022-01-24 14:05:23,Navigating the discourse,40203,589033,1328,50633,"Mars, PA",5497,https://pbs.twimg.com/profile_banners/1485689970593468416/1651711479,https://www.twitter.com/TheRabbitHole84,https://pbs.twimg.com/profile_images/1522017422550528001/6AceRKJQ_normal.png,false,true
Amazing Maps,amazingmap,'273418969',true,2011-03-28 09:15:38,Amazing maps brought to your attention. Turn our tweet notifications ON to never miss a tweet! Business/Map Ideas,8849,615740,14264,584,amazingmapscontact@gmail.com,1453,https://pbs.twimg.com/profile_banners/273418969/1404470439,https://www.twitter.com/amazingmap,https://pbs.twimg.com/profile_images/484851054228406272/2DbYHLBL_normal.jpeg,false,true
J.K. Rowling,jk_rowling,'62513246',false,2009-08-03 09:23:45,Writer sometimes known as Robert Galbraith,17101,14157149,1155,48463,Scotland,1022,https://pbs.twimg.com/profile_banners/62513246/1712509835,https://www.twitter.com/jk_rowling,https://pbs.twimg.com/profile_images/1777021157339795457/LT8NwAJd_normal.jpg,false,true
Johnna,JohnnaCrider1,'1957568797',false,2013-10-12 17:37:52,"Shreveport transplant in Baton Rouge. Owned by 3 cats, surrounded by gems, and believing in good",45806,112023,412,255795,"Baton Rouge, LA",4172,https://pbs.twimg.com/profile_banners/1957568797/1711302920,https://www.twitter.com/JohnnaCrider1,https://pbs.twimg.com/profile_images/1771685944569036800/Kch5x-fh_normal.jpg,false,true
Bill Melugin,BillMelugin_,'1071585991',false,2013-01-08 13:03:50,"National correspondent for @foxnews based in L.A. 4x EMMY winner, 3x Edward R. Murrow winner, 4x RTNA Golden Mike winner. @Cronkite_ASU grad & SoCal native.",21681,414533,2927,9515,"Los Angeles, CA",4953,https://pbs.twimg.com/profile_banners/1071585991/1703739658,https://www.twitter.com/BillMelugin_,https://pbs.twimg.com/profile_images/1618294339947614210/ss1Pbu84_normal.jpg,false,true
Richard Dawkins,RichardDawkins,'15143478',false,2008-06-17 04:15:17,"UK biologist & writer. Richard Dawkins Foundation donor: https://t.co/rZZdjPoMUe.

For Details about the Upcoming Tour: https://t.co/sSo5FL6CWb",32224,3012796,359,230,,866,https://pbs.twimg.com/profile_banners/15143478/1713246774,https://www.twitter.com/RichardDawkins,https://pbs.twimg.com/profile_images/1094327574031945729/tU8wz8DL_normal.jpg,false,true
Jay Bhattacharya,DrJBhattacharya,'1427361863830949908',false,2021-08-16 16:09:47,"Professor Stanford School of Medicine.  MD, PhD.  Health policy: infectious diseases, covid, health economics. Scientific freedom.",36171,501181,5616,89569,"Stanford, CA, USA",1268,https://pbs.twimg.com/profile_banners/1427361863830949908/1653960277,https://www.twitter.com/DrJBhattacharya,https://pbs.twimg.com/profile_images/1588254611764224000/4JMqyHZo_normal.jpg,false,true
Larry Ellison,larryellison,'595822244',false,2012-05-31 17:00:07,,3,134602,45,5,,0,https://pbs.twimg.com/profile_banners/595822244/1696278649,https://www.twitter.com/larryellison,https://pbs.twimg.com/profile_images/1708942630984495104/b-GDKzEe_normal.jpg,false,true
Gavin Baker,GavinSBaker,'340387261',true,2011-07-22 12:28:32,"Managing Partner & CIO, @atreidesmgmt. Formerly Fidelity OTC Fund. No investment advice, views my own. https://t.co/pFe9KmNu9U",9187,125484,4000,123263,"Boston, MA",356,https://pbs.twimg.com/profile_banners/340387261/1614956274,https://www.twitter.com/GavinSBaker,https://pbs.twimg.com/profile_images/1396219525754937345/5L4n5L3O_normal.jpg,false,true
dearMoon,dearmoonproject,'1035122024320983040',true,2018-08-30 07:08:17,Meet the crew members who will be joining MZ on this extraordinary trip to the moon on SpaceX’s Starship. MZと共にSpaceXが開発する「Starship」に乗って月に行くdearMoonクルーを発表！,202,69857,4,24,🌕,71,https://pbs.twimg.com/profile_banners/1035122024320983040/1670539433,https://www.twitter.com/dearmoonproject,https://pbs.twimg.com/profile_images/1366872883033632768/eoQJgAVF_normal.png,false,true
Robert Iger,RobertIger,'823307478360150018',false,2017-01-22 18:12:54,CEO The Walt Disney Company,776,345442,189,4001,"Los Angeles, CA",137,https://pbs.twimg.com/profile_banners/823307478360150018/1673978021,https://www.twitter.com/RobertIger,https://pbs.twimg.com/profile_images/830487191650340864/vDDgg9Ra_normal.jpg,false,true
Greg Brockman,gdb,'162124540',false,2010-07-02 15:38:09,President & Co-Founder @OpenAI,5069,662107,51,1427,,354,https://pbs.twimg.com/profile_banners/162124540/1399179172,https://www.twitter.com/gdb,https://pbs.twimg.com/profile_images/1347621377503711233/bHg3ipfD_normal.jpg,false,true
Richard Garriott,RichardGarriott,'45176933',false,2009-06-06 13:50:33,"President @ExplorersClub; a Videogame Industry Founding Father; Astronaut, Aquanaut, Polar Explorer; Family: @Ronin_British, @Kinga_British",51965,53306,3501,127077,Austin Texas,1416,https://pbs.twimg.com/profile_banners/45176933/1592578082,https://www.twitter.com/RichardGarriott,https://pbs.twimg.com/profile_images/1273990927539941383/pVZf4STS_normal.jpg,false,true
Emmanuel Macron,EmmanuelMacron,'1976143068',false,2013-10-20 15:35:28,Président de la République française.,13223,9684489,723,356,France,5898,https://pbs.twimg.com/profile_banners/1976143068/1697278379,https://www.twitter.com/EmmanuelMacron,https://pbs.twimg.com/profile_images/1550535324501164032/0lTW_4tj_normal.jpg,false,true
Drew Baglino,baglino,'17066733',false,2008-10-30 11:04:10,Former SVP of Powertrain and Energy at Tesla,184,63606,62,652,,12,https://pbs.twimg.com/profile_banners/17066733/1701503311,https://www.twitter.com/baglino,https://pbs.twimg.com/profile_images/1633700475152498688/O6mQl6Lq_normal.jpg,false,true
Gwynne Shotwell,Gwynne_Shotwell,'1188971165424865280',false,2019-10-28 20:10:01,President and COO @SpaceX,22,74228,4,3,,2,https://pbs.twimg.com/profile_banners/1188971165424865280/1704327671,https://www.twitter.com/Gwynne_Shotwell,https://pbs.twimg.com/profile_images/1316107586807062528/8e1NJPPN_normal.jpg,false,true
Franz von Holzhausen,woodhaus2,'55769345',false,2009-07-11 01:44:59,Chief Designer @Tesla,87,188563,25,80,,33,https://pbs.twimg.com/profile_banners/55769345/1701459792,https://www.twitter.com/woodhaus2,https://pbs.twimg.com/profile_images/938856614567624704/BR1_Brla_normal.jpg,false,true
Reed Hastings,reedhastings,'15241557',false,2008-06-26 03:24:42,Exec Chair Netflix,230,144635,231,138,,9,,https://www.twitter.com/reedhastings,https://pbs.twimg.com/profile_images/2233350183/hastings_reed_abosch_normal.jpg,false,true
Tim Cook,tim_cook,'1636590253',false,2013-07-31 18:41:25,"Apple CEO  Auburn 🏀 🏈 Duke 🏀 National Parks 🏞️ “Life's most persistent and urgent question is, 'What are you doing for others?'” - MLK. he/him",1652,14587339,70,2045,Cupertino,708,https://pbs.twimg.com/profile_banners/1636590253/1535753003,https://www.twitter.com/tim_cook,https://pbs.twimg.com/profile_images/1535420431766671360/Pwq-1eJc_normal.jpg,false,true
Glenn Greenwald,ggreenwald,'16076032',false,2008-08-31 23:13:32,"Journalist; Author; Host, @SystemUpdate_; Columnist, @Folha; Co-Founder: The Intercept, @TheInterceptBr; @abrigo_hope, @FreedomofPress, @ongcriadefavela. Vegan.",99630,2126620,993,23534,GlennGreenwald@gmail.com,11869,https://pbs.twimg.com/profile_banners/16076032/1670619705,https://www.twitter.com/ggreenwald,https://pbs.twimg.com/profile_images/1092582027994509312/cpYWuYI9_normal.jpg,false,true
John Kraus,johnkrausphotos,'3072160164',false,2015-03-10 21:59:41,Spaceflight photographer. Content Director @PolarisProgram. Prints available to order at my website below:,29138,247588,514,167249,Earth,4888,https://pbs.twimg.com/profile_banners/3072160164/1710553115,https://www.twitter.com/johnkrausphotos,https://pbs.twimg.com/profile_images/1493351002208043008/JeWVCY2-_normal.jpg,false,true
Discovery,Discovery,'17842366',false,2008-12-03 12:38:39,We'll bring the 🌍 to you.,56374,9228801,617,8344,United States,14418,https://pbs.twimg.com/profile_banners/17842366/1712589506,https://www.twitter.com/Discovery,https://pbs.twimg.com/profile_images/1777708054756126721/sP2XJ0XF_normal.jpg,false,true
Sandy Munro,teardowntitan,'1592542747726069766',false,2022-11-15 10:39:58,Founder of Munro & Associates,238,117716,54,170,"Auburn Hills, MI",83,https://pbs.twimg.com/profile_banners/1592542747726069766/1668531149,https://www.twitter.com/teardowntitan,https://pbs.twimg.com/profile_images/1592543233304936450/ebsfsirE_normal.jpg,false,true
D.A. Wallach,dawallach,'5405152',true,2007-04-22 12:12:42,Life sciences & healthcare investor. Occasional recording artist. https://t.co/ISRFxgQlfM,17180,1057371,1183,5381,"Los Angeles, CA",192,https://pbs.twimg.com/profile_banners/5405152/1444519334,https://www.twitter.com/dawallach,https://pbs.twimg.com/profile_images/654925929307762688/87UQJdtZ_normal.jpg,false,true
Oriol Vinyals,OriolVinyalsML,'3918111614',false,2015-10-16 17:59:52,"VP of Research & Deep Learning Lead, Google DeepMind. Gemini co-lead.

Past: AlphaStar, AlphaFold, AlphaCode, WaveNet, seq2seq, distillation, TF.",1205,166300,82,1252,"London, England",201,https://pbs.twimg.com/profile_banners/3918111614/1494693933,https://www.twitter.com/OriolVinyalsML,https://pbs.twimg.com/profile_images/677499217993007104/Uartsv8s_normal.jpg,false,true
Trung Phan,TrungTPhan,'945817135816654848',true,2017-12-26 19:42:32,Write on business with @workweekinc. Co-host @niapodcast. Building an AI research app: https://t.co/fZ5ObIyBGI,61608,699288,4181,146050,My Saturday newsletter ➡️,11505,https://pbs.twimg.com/profile_banners/945817135816654848/1670800079,https://www.twitter.com/TrungTPhan,https://pbs.twimg.com/profile_images/1506362585448296448/LJg8kVSD_normal.jpg,false,true
Daily Stoic,dailystoic,'4885277053',false,2016-02-09 18:22:16,"Stoic wisdom for everyday life.
One free email per day. Inspired by Stoic philosophy.",10619,573612,10,2671,,2519,https://pbs.twimg.com/profile_banners/4885277053/1698700523,https://www.twitter.com/dailystoic,https://pbs.twimg.com/profile_images/1272553610434338816/-pN7JIO6_normal.jpg,false,true
Keith Coleman 🌱😀🙌,kcoleman,'1076061',true,2007-03-13 04:18:45,"VP Product @X. Previously CEO at Yes Inc, @google 🙌",2686,29226,822,13963,"San Francisco, CA",214,https://pbs.twimg.com/profile_banners/1076061/1478574872,https://www.twitter.com/kcoleman,https://pbs.twimg.com/profile_images/1093367487566012416/9Wc1J-Pk_normal.jpg,false,true
@jason,Jason,'3840',true,2006-08-05 19:31:27,Host of the world's most important conversations: @twistartups @theallinpod & @liquiditypod; I also invest in 150 startups a year @launch & @founderuni,52233,820835,2653,113416,"California, USA",11076,https://pbs.twimg.com/profile_banners/3840/1694810043,https://www.twitter.com/Jason,https://pbs.twimg.com/profile_images/1483572454979031040/HZgTqHjX_normal.jpg,false,true
Premium,premium,'1399766153053061121',true,2021-06-01 12:34:27,"Subscribe to get your blue checkmark, no ads in For You, custom navigation, long videos, 25k+ character long posts, bookmark folders and more.",1193,794617,1,451,,46,https://pbs.twimg.com/profile_banners/1399766153053061121/1690180776,https://www.twitter.com/premium,https://pbs.twimg.com/profile_images/1683366300054069248/67v23AEj_normal.jpg,false,true
David Sacks,DavidSacks,'1137701',false,2007-03-14 00:14:58,"VC @craft_ventures, Bestie @theallinpod, Cofounder @saasgrid_hq",11819,844351,3161,50696,San Francisco,922,https://pbs.twimg.com/profile_banners/1137701/1667750503,https://www.twitter.com/DavidSacks,https://pbs.twimg.com/profile_images/1398157893774413825/vQ-FwRtP_normal.jpg,false,true
Max Tegmark,tegmark,'2530947115',false,2014-05-28 17:52:53,"Known as Mad Max for my unorthodox ideas and passion for adventure, my scientific interests range from artificial intelligence to the ultimate nature of reality",1182,145254,29,39,MIT,429,,https://www.twitter.com/tegmark,https://pbs.twimg.com/profile_images/471772020963700736/bYpXSErt_normal.jpeg,false,true
X,X,'783214',false,2007-02-20 09:35:54,what's happening?!,15250,67783391,0,5895,everywhere,2418,https://pbs.twimg.com/profile_banners/783214/1690175171,https://www.twitter.com/X,https://pbs.twimg.com/profile_images/1683899100922511378/5lY42eHs_normal.jpg,false,true
Eric Berger,SciGuySpace,'15726728',true,2008-08-04 15:44:20,"Senior Space Editor at Ars Technica. Likes rockets. Author of the forthcoming book on the Falcon 9 rocket and Dragon spacecraft, REENTRY. https://t.co/vMzqdyaC21",58286,336418,742,23882,"Houston, TX",4215,https://pbs.twimg.com/profile_banners/15726728/1712344088,https://www.twitter.com/SciGuySpace,https://pbs.twimg.com/profile_images/1365795824127651845/d6DJqa7S_normal.jpg,false,true
NASA Webb Telescope,NASAWebb,'29472803',false,2009-04-07 11:40:56,"The world's most powerful space telescope. Launched: Dec. 25, 2021. First images revealed: July 12, 2022.

Verification: https://t.co/ChOEslj1j5",11078,3269717,65,4635,Lagrange Point 2,2880,https://pbs.twimg.com/profile_banners/29472803/1657642323,https://www.twitter.com/NASAWebb,https://pbs.twimg.com/profile_images/1767989888916299776/hFYvpxZM_normal.jpg,false,true
HIRO MIZUNO,hiromichimizuno,'72862939',true,2009-09-09 10:21:28,"Good Steward Partners, Founder, LiveWire Board, Danone Mission committee, The B Team, Milken Institute, CFA Institute, HBS, Oxford, Kellogg, Cambridge",12664,90785,776,2865,Traveling once again,583,https://pbs.twimg.com/profile_banners/72862939/1683585242,https://www.twitter.com/hiromichimizuno,https://pbs.twimg.com/profile_images/1655702577546432512/hAYH3Zvg_normal.jpg,false,false
Dilbert,Dilbert_Daily,'300878435',false,2011-05-18 10:19:46,"Dilbert by Scott Adams is the most photocopied, pinned-up, downloaded, faxed and e-mailed comic strip in the world.",9779,142520,10,62,,80,https://pbs.twimg.com/profile_banners/300878435/1561730394,https://www.twitter.com/Dilbert_Daily,https://pbs.twimg.com/profile_images/1128664840233525248/T3YNFtIt_normal.png,false,true
Andrea Stroppa 🐺 Claudius Nero's Legion 🐺,andst7,'541882699',true,2012-03-31 14:41:57,"data analysis. «Lasciate ogne speranza, voi ch’intrate». Roman Empire, Renaissance fan. Tesla shareholder. supporter/investor: @x @spacex @neuralink",10983,84647,731,34233,Eternal city ,1301,https://pbs.twimg.com/profile_banners/541882699/1640252246,https://www.twitter.com/andst7,https://pbs.twimg.com/profile_images/1526280325776785408/DJ5GlNH1_normal.jpg,false,true
Joe Gebbia,jgebbia,'11417802',false,2007-12-21 17:21:53,"@airbnb Co-founder. Also @samara, https://t.co/cqb2trjjC3, @eamesinstitute",7473,153167,1033,5942,,463,https://pbs.twimg.com/profile_banners/11417802/1615436404,https://www.twitter.com/jgebbia,https://pbs.twimg.com/profile_images/1505998945952088070/sgMvmBs5_normal.jpg,false,true
Neuralink,neuralink,'895332160130891776',false,2017-08-09 13:13:16,"Creating a general-purpose, high-bandwidth interface to the brain",92,1382317,1,8,"California, USA",48,https://pbs.twimg.com/profile_banners/895332160130891776/1685052353,https://www.twitter.com/neuralink,https://pbs.twimg.com/profile_images/1661856130535165953/zMoW6Sr1_normal.jpg,false,false
Eva Fo𝕏 🦊 Claudius Nero's Legion 𝕏,EvaFoxU,'959471389282578432',false,2018-02-02 11:59:40,"Blogger covering Elon Musk, 𝕏, SpaceX & Tesla. My blog @onlyVerumNews",52269,230209,1053,154728,Ukraine,14847,https://pbs.twimg.com/profile_banners/959471389282578432/1682115962,https://www.twitter.com/EvaFoxU,https://pbs.twimg.com/profile_images/1699898466959347712/WS3HVOtW_normal.jpg,false,true
Planet,planet,'17663776',false,2008-11-26 19:10:19,"We see things from a different angle. 🛰️🕊️

Public Benefit Corporation on NYSE  $PL",5626,258092,4466,7927,Earth's Orbit 🌎,2838,https://pbs.twimg.com/profile_banners/17663776/1688159090,https://www.twitter.com/planet,https://pbs.twimg.com/profile_images/1674886791156105217/bO-a3jvf_normal.jpg,false,false
PCMR,OfficialPCMR,'2292565884',true,2014-01-15 06:28:28,The official twitter of the #PCMR. We're both the biggest and the fastest-growing PC enthusiasts community in the world. Since 2011. Run by @PedroPCMR,61127,498149,916,32057,pcmr@pcmasterrace.org,5817,https://pbs.twimg.com/profile_banners/2292565884/1504140613,https://www.twitter.com/OfficialPCMR,https://pbs.twimg.com/profile_images/1184586640255307776/FVRxWtLC_normal.jpg,false,true
Universal-Sci,universal_sci,'2993230373',false,2015-01-22 18:36:39,The official Universal-Sci Twitter account - Providing you with a selection of the most interesting science-related news and background stories,793,889914,26,44,Netherlands,342,https://pbs.twimg.com/profile_banners/2993230373/1480520666,https://www.twitter.com/universal_sci,https://pbs.twimg.com/profile_images/1222552890293788672/YgfaU7dI_normal.jpg,false,true
Science girl,gunsnrosesgirl3,'1179892477714718721',true,2019-10-03 18:54:31,"science in context, art history and some puzzles to solve",36046,2163042,6075,134645,Earth ,17310,https://pbs.twimg.com/profile_banners/1179892477714718721/1589400385,https://www.twitter.com/gunsnrosesgirl3,https://pbs.twimg.com/profile_images/1504867101923762178/gfZgsqoL_normal.jpg,false,true
Moxie Marlinspike,moxie,'76980293',true,2009-09-24 12:31:22,Founder @signalapp,6275,186098,178,1918,"California, USA",88,https://pbs.twimg.com/profile_banners/76980293/1591573141,https://www.twitter.com/moxie,https://pbs.twimg.com/profile_images/1760874130004688896/td1glLYb_normal.jpg,false,true
黄光剑,HGJart,'958324785229934593',true,2018-01-30 08:03:28,个人网站https://t.co/9FNOPuJ4sf,95,36962,123,0,成都市,90,https://pbs.twimg.com/profile_banners/958324785229934593/1616053049,https://www.twitter.com/HGJart,https://pbs.twimg.com/profile_images/1372451956770283523/ij5Q9l6u_normal.jpg,false,true
Ilya Sutskever,ilyasut,'1720046887',false,2013-09-01 15:32:15,towards a plurality of humanity loving AGIs @openai,1185,369688,2,4346,,26,https://pbs.twimg.com/profile_banners/1720046887/1648404188,https://www.twitter.com/ilyasut,https://pbs.twimg.com/profile_images/1548311632597553154/WYGE5NGW_normal.jpg,false,true
NASA Europa Clipper,EuropaClipper,'2997418453',false,2015-01-26 13:46:30,NASA's Europa Clipper mission will find out if the conditions are right for life on Jupiter's icy moon.,802,135464,62,1200,,356,https://pbs.twimg.com/profile_banners/2997418453/1708639575,https://www.twitter.com/EuropaClipper,https://pbs.twimg.com/profile_images/611050839772372992/wEK-kEX3_normal.jpg,false,true
Shibetoshi Nakamoto,BillyM2k,'30699048',false,2009-04-12 14:54:20,a sarcastic cartoon dog wearing glasses l https://t.co/B9rw1W0fuJ | use my affiliate link to cointracker for help with crypto taxes: https://t.co/YuyMWFowi0,36563,2156816,420,276852,South of Hell,5315,https://pbs.twimg.com/profile_banners/30699048/1632170770,https://www.twitter.com/BillyM2k,https://pbs.twimg.com/profile_images/1763798368470663168/RgrEadkn_normal.jpg,false,true
Massimo,Rainmaker1973,'177101260',false,2010-08-11 03:13:13,"Engineer. Selecting and curating pictures and videos trying to add context, source and explanation to science, tech, art and weather topics",251847,1983871,230,7034,"Italy, North by Northwest",121250,https://pbs.twimg.com/profile_banners/177101260/1422214939,https://www.twitter.com/Rainmaker1973,https://pbs.twimg.com/profile_images/914888589670043654/KVvwjcWA_normal.jpg,false,true
Inspiration4,inspiration4x,'1346194631982247943',false,2021-01-04 15:40:38,The first all-civilian mission to orbit. Our crew is home but their mission isn’t over. Help us continue our fundraising efforts for @StJude!,668,231250,18,1255,Space,158,https://pbs.twimg.com/profile_banners/1346194631982247943/1631914516,https://www.twitter.com/inspiration4x,https://pbs.twimg.com/profile_images/1356346934668230658/VP09J2wY_normal.png,false,true
CNSA Watcher,CNSAWatcher,'1402156691186241538',true,2021-06-08 02:53:17,"CNSA news and updates on missions of Tiangong space station, Shenzhou crewed spaceships, Tianwen Zhurong Mars Rover, future CZ9 rocket, lunar stations, etc. Fan",1732,63322,130,1673,Solar System Yet,1581,https://pbs.twimg.com/profile_banners/1402156691186241538/1631424306,https://www.twitter.com/CNSAWatcher,https://pbs.twimg.com/profile_images/1634603372446621698/ilFJ3jOa_normal.jpg,false,false
GiGadgets,gigadgets_,'3669881952',false,2015-09-24 07:47:59,"We cover the latest, the weirdest gadgets and tech. Visit us https://t.co/28buAoR3SU  
For PR requests please contact pr@ https://t.co/28buAoR3SU",6929,231031,62,1723,United States,5311,https://pbs.twimg.com/profile_banners/3669881952/1575948491,https://www.twitter.com/gigadgets_,https://pbs.twimg.com/profile_images/1204241496435650562/-HX2LpjZ_normal.jpg,false,true
Slashdot,slashdot,'1068831',false,2007-03-13 00:57:07,"News for Nerds, Stuff that Matters.

#X #tech #news #software #engineering #AI #bitcoin #tesla

Newsletter: https://t.co/GWUFuP5efH",127942,372656,372,13883,The Internet,289,https://pbs.twimg.com/profile_banners/1068831/1690863425,https://www.twitter.com/slashdot,https://pbs.twimg.com/profile_images/1618691090105909248/ePDCm83C_normal.png,false,true
Everything Space,totalspace360,'1359595748942372867',true,2021-02-10 15:11:27,Space is the place. Run by @arthurbranch19. 🚀🪐🧑‍🚀,961,92868,22,1114,,789,https://pbs.twimg.com/profile_banners/1359595748942372867/1656850885,https://www.twitter.com/totalspace360,https://pbs.twimg.com/profile_images/1359596053293629440/tUK_-zQG_normal.jpg,false,true
Space,redditSpaceView,'822825713615175680',true,2017-01-21 10:18:32,"Welcome, this account is devoted to high-quality images of space, sharing quality astrophotography",17925,1338450,1577,2130,Universe ,17639,https://pbs.twimg.com/profile_banners/822825713615175680/1485012606,https://www.twitter.com/redditSpaceView,https://pbs.twimg.com/profile_images/866317371820191749/_BP2j9Cw_normal.jpg,false,true
Jared Isaacman,rookisaacman,'1279551125264445448',true,2020-07-04 19:02:22,"Keeping busy on and off the planet 🌎.  Shift4, Inspiration4, Polaris Dawn, Ghost Squadron 👨‍🚀🚀🐉",4256,197193,196,13625,,319,https://pbs.twimg.com/profile_banners/1279551125264445448/1644847220,https://www.twitter.com/rookisaacman,https://pbs.twimg.com/profile_images/1450314909619720193/dydniXPZ_normal.jpg,false,true
The Mars Society,TheMarsSociety,'16178922',false,2008-09-07 23:01:14,The Mars Society - Advocating for the human exploration & settlement of the Red Planet! Visit our website to learn more about the Mars Technology Institute!,21709,97933,899,4523,"Bellevue, WA",3005,https://pbs.twimg.com/profile_banners/16178922/1644337726,https://www.twitter.com/TheMarsSociety,https://pbs.twimg.com/profile_images/1202341195340550144/Y6ic5JPe_normal.jpg,false,true
Dogecoin Developers,dogecoin_devs,'2445883045',false,2014-04-15 15:10:23,Stay up to date on dogecoin development! Current development branch: https://t.co/NBT5AQiKIV,716,558695,11,141,Am doge. On coin. Wow.,21,https://pbs.twimg.com/profile_banners/2445883045/1397589812,https://www.twitter.com/dogecoin_devs,https://pbs.twimg.com/profile_images/456149117991784448/Mzpy0ktv_normal.png,false,true
Dogecoin,dogecoin,'2235729541',false,2013-12-08 03:16:34,"Dogecoin is an open source peer-to-peer cryptocurrency, favored by shibas worldwide. Elon Musk thinks we're pretty cool. [RTs are not endorsements]",1025,3976186,24,69,the moon,163,https://pbs.twimg.com/profile_banners/2235729541/1570134480,https://www.twitter.com/dogecoin,https://pbs.twimg.com/profile_images/378800000857919980/lHqPIZza_normal.png,false,true
"NOGUCHI, Soichi 野口　聡一（公式）",Astro_Soichi,'85891683',true,2009-10-28 15:28:01,"Astronaut/Professor/Entrepreneur. Space Shuttle(STS114), Soyuz(TMA17), SpaceX(Crew1). Tokyo Univ.　最新エッセイ「どう生きるか　つらかったときの話をしよう」絶賛発売中！講演・出演申込はteam.nogu@gmail.com",6514,718031,13,6,Earth,2517,https://pbs.twimg.com/profile_banners/85891683/1695737080,https://www.twitter.com/Astro_Soichi,https://pbs.twimg.com/profile_images/1670580404682911745/IGaLQX4k_normal.jpg,false,true
Popular Mechanics,PopMech,'23116280',true,2009-03-06 15:47:08,"The best in tech, science, aerospace, DIY and auto news.

Sign up for our newsletter: https://t.co/KYCjTasgGi",82647,346217,3871,14705,New York City,56318,https://pbs.twimg.com/profile_banners/23116280/1485199312,https://www.twitter.com/PopMech,https://pbs.twimg.com/profile_images/1415735918959505412/yVb-Lq_7_normal.jpg,false,true
PyTorch,PyTorch,'776585502606721024',false,2016-09-15 20:56:26,Tensors and neural networks in Python with strong hardware acceleration. PyTorch is an open source project at the Linux Foundation. #PyTorchFoundation,2073,377770,77,831,,538,https://pbs.twimg.com/profile_banners/776585502606721024/1638493718,https://www.twitter.com/PyTorch,https://pbs.twimg.com/profile_images/1676657968073564160/DvRo44u5_normal.jpg,false,true
Nigel Lockyer,Nigel_Lockyer,'49310901',false,2009-06-21 09:11:24,I am the new Director of Cornell Laboratory for Accelerator-based ScienceS and Education. @CornellCLASSE,1954,35953,114,1862,"Ithaca, NY",1407,https://pbs.twimg.com/profile_banners/49310901/1447562288,https://www.twitter.com/Nigel_Lockyer,https://pbs.twimg.com/profile_images/700992852621266944/BTQIEQH8_normal.jpg,false,false
Victor Glover,AstroVicGlover,'1024391197',false,2012-12-20 09:42:47,"Regular Person, @USNavy Captain, and @NASA Astronaut. Work on Earth, Lived @Space_Station E64/65, Piloted Crew-1, moon striving - for All!",3297,187238,767,3030,w/ the People,460,https://pbs.twimg.com/profile_banners/1024391197/1616848009,https://www.twitter.com/AstroVicGlover,https://pbs.twimg.com/profile_images/1758545690668744705/hqm0IOn-_normal.jpg,false,true
Tesmanian.com,Tesmanian_com,'1100520274200416256',true,2019-02-26 17:17:34,"Tesla, SpaceX, Elon Musk and related News+Info.",9635,172811,63,2485,,1902,https://pbs.twimg.com/profile_banners/1100520274200416256/1602938332,https://www.twitter.com/Tesmanian_com,https://pbs.twimg.com/profile_images/1347311812597800961/WClsjeG__normal.jpg,false,true
The Architect,InterstellarAI,'3346820638',true,2015-06-26 14:10:28,Architect of the Future☄️,678,95646,1,9811,,3,https://pbs.twimg.com/profile_banners/3346820638/1637179982,https://www.twitter.com/InterstellarAI,https://pbs.twimg.com/profile_images/1435764539174408192/q2YG4INb_normal.jpg,false,true
BBC Future,BBC_Future,'410605574',false,2011-11-12 04:44:44,"Making you smarter, every day.",23431,291307,621,10733,,6919,https://pbs.twimg.com/profile_banners/410605574/1594051360,https://www.twitter.com/BBC_Future,https://pbs.twimg.com/profile_images/1518586314064646144/enAJ97mg_normal.jpg,false,true
ye,kanyewest,'169686021',false,2010-07-22 19:00:05,,1955,32443169,0,1,,780,https://pbs.twimg.com/profile_banners/169686021/1428444619,https://www.twitter.com/kanyewest,https://pbs.twimg.com/profile_images/1276461929934942210/cqNhNk6v_normal.jpg,false,true
Tesla Asia,Tesla_Asia,'1201427034754318337',false,2019-12-02 04:05:10,Accelerate the world's transition to sustainable energy.,834,190155,48,426,,445,https://pbs.twimg.com/profile_banners/1201427034754318337/1698388223,https://www.twitter.com/Tesla_Asia,https://pbs.twimg.com/profile_images/1459031266876030976/f_4HzcuW_normal.jpg,false,true
Ashlee Vance,ashleevance,'81961201',false,2009-10-12 19:52:32,"Writer at Bloomberg. 2X NYT best-seller. Emmy-nominated host+writer of Hello World. Doc producer @HBO. NYT, El Reg alum. My new book https://t.co/12lAgpqoYo",5579,144756,3473,13417,Angst ,1337,https://pbs.twimg.com/profile_banners/81961201/1683914497,https://www.twitter.com/ashleevance,https://pbs.twimg.com/profile_images/1593828758447759360/96_3E2PR_normal.jpg,false,true
John Carmack,ID_AA_Carmack,'175624200',true,2010-08-06 23:40:11,"AGI at Keen Technologies, former CTO Oculus VR, Founder Id Software and Armadillo Aerospace",17178,1083550,244,4961,"Dallas, TX",295,,https://www.twitter.com/ID_AA_Carmack,https://pbs.twimg.com/profile_images/1560764938083352577/B1X3m4NN_normal.jpg,false,true
Scott Alexander,slatestarcodex,'1526643050',false,2013-06-17 23:56:49,I have a place where I say complicated things about philosophy and science. That place is my blog. This is where I make terrible puns.,3324,138023,30,1349,,16,https://pbs.twimg.com/profile_banners/1526643050/1371625868,https://www.twitter.com/slatestarcodex,https://pbs.twimg.com/profile_images/378800000009065862/83d72de47e2a2470c482bc75406b42a7_normal.png,false,true
jack,jack,'12',true,2006-03-21 15:50:14,"#bitcoin and chill.

#nostr: npub1sg6plzptd64u62a878hep2kev88swjh3tw00gjsfl8f237lmu63q0uf63m",29330,6461325,4756,35621,,2913,https://pbs.twimg.com/profile_banners/12/1688241283,https://www.twitter.com/jack,https://pbs.twimg.com/profile_images/1661201415899951105/azNjKOSH_normal.jpg,false,true
Talulah Riley,TalulahRiley,'344538987',false,2011-07-29 02:17:16,Actress/Writer.,2343,65784,811,2912,"London, England",197,https://pbs.twimg.com/profile_banners/344538987/1488801845,https://www.twitter.com/TalulahRiley,https://pbs.twimg.com/profile_images/526472073162403840/jjRBS--d_normal.jpeg,false,true
Marques Brownlee,MKBHD,'29873662',false,2009-04-08 20:50:00,Web Video Producer | ⋈ | Pro Ultimate Frisbee Player | Host of @WVFRM @TheStudio,55254,6224280,473,29143,NYC,8309,https://pbs.twimg.com/profile_banners/29873662/1642786557,https://www.twitter.com/MKBHD,https://pbs.twimg.com/profile_images/1468001914302390278/B_Xv_8gu_normal.jpg,false,true
MachinePix,MachinePix,'2444425802',true,2014-04-14 16:17:26,Amazing feats of engineering. Tweeted by @kane and https://t.co/c2bRClqVy5.,3398,215673,73,933,,2399,https://pbs.twimg.com/profile_banners/2444425802/1709674564,https://www.twitter.com/MachinePix,https://pbs.twimg.com/profile_images/739515667737645056/Rg0anujY_normal.jpg,false,true
Brett Winton,wintonARK,'760345658',true,2012-08-15 19:04:16,Chief Futurist @ARKInvest. Cross-Asset-Class Disruptive Tech: ₿ /🧬🔬🧬✂️/🤖🚖 🔋/🧠💻☁️/🚀🤖🗿🖨️ Disclosure: https://t.co/UmaWM7EXKR,10331,190710,544,5506,"Venice, CA",1466,https://pbs.twimg.com/profile_banners/760345658/1675792414,https://www.twitter.com/wintonARK,https://pbs.twimg.com/profile_images/1600714802925486080/slXUxK2X_normal.jpg,false,true
Tasha Keeney,TashaARK,'2263452746',false,2013-12-26 18:16:04,"Director of Investment Analysis & Institutional Strategies @ARKInvest. Also cover things that fly, roll, and manufacture. Disclosure https://t.co/CfmviBEuqw",14367,205105,535,186,"New York, NY",1094,https://pbs.twimg.com/profile_banners/2263452746/1674873646,https://www.twitter.com/TashaARK,https://pbs.twimg.com/profile_images/1619163541470060544/8IhIvkOn_normal.jpg,false,true
Archillect,archillect,'2907774137',false,2014-12-06 09:07:45,"The ocular engine. 
Sources: @archillinks
https://t.co/U7Oh7xumQp",424493,2931850,1,8865,Meta,407031,https://pbs.twimg.com/profile_banners/2907774137/1418102176,https://www.twitter.com/archillect,https://pbs.twimg.com/profile_images/1045579977067024384/S0luKMwQ_normal.jpg,false,true
Sam Korus,skorusARK,'2263437272',true,2013-12-26 17:59:02,"Director of Research Autonomous Technology & Robotics @ARKinvest. Automation, robotics, energy storage, alternative energy, and space. Disclosure https://t.co/VyzEWqoebV",15416,149965,416,3718,"New York, NY",2005,https://pbs.twimg.com/profile_banners/2263437272/1595377772,https://www.twitter.com/skorusARK,https://pbs.twimg.com/profile_images/1532102449858756610/nNFnJNKO_normal.jpg,false,true
Wonder of Science,wonderofscience,'3101588527',false,2015-03-21 08:29:37,"""The most beautiful thing we can experience is the mysterious. It is the source of all true art and science."" - Albert Einstein",3980,2449594,42,4583,🚀,2842,https://pbs.twimg.com/profile_banners/3101588527/1538323669,https://www.twitter.com/wonderofscience,https://pbs.twimg.com/profile_images/1046441611171835904/_okPTpGu_normal.jpg,false,true
General Chance Saltzman,SpaceForceCSO,'905158770107568133',false,2017-09-05 16:00:42,"Official account of the Chief of Space Operations, @SpaceForceDoD. *RTs, likes, follows ≠ endorsement.",1756,122351,39,1770,"Washington, DC",321,https://pbs.twimg.com/profile_banners/905158770107568133/1596129251,https://www.twitter.com/SpaceForceCSO,https://pbs.twimg.com/profile_images/1587824094069809155/HtQdY3TG_normal.jpg,false,false
United States Space Force,SpaceForceDoD,'26572460',false,2009-03-25 15:41:08,"Official U.S. Space Force twitter: 
The appearance of hyperlinks does not = endorsement. Comment moderation & endorsement policy: https://t.co/IRRy2MYRdE",12311,627107,734,4772,Washington D.C.,2313,https://pbs.twimg.com/profile_banners/26572460/1712061815,https://www.twitter.com/SpaceForceDoD,https://pbs.twimg.com/profile_images/1339985087748857858/zLI-Spvr_normal.jpg,false,false
Liv Boeree,Liv_Boeree,'25422302',true,2009-03-19 20:40:42,"Looking for the win/wins in life. Not a fan of Moloch traps. Brand new podcast out now, link below👇",20328,253802,496,20493,United States,2379,https://pbs.twimg.com/profile_banners/25422302/1706034044,https://www.twitter.com/Liv_Boeree,https://pbs.twimg.com/profile_images/1397875788028985344/mfns57Qn_normal.jpg,false,true
Shivon Zilis,shivon,'446719282',false,2011-12-25 21:48:08,"Artificial intelligence, biological intelligence, and whatever exists in between and beyond. Made in Canada.",3336,122907,1701,8797,"Palo Alto, CA",473,https://pbs.twimg.com/profile_banners/446719282/1592805454,https://www.twitter.com/shivon,https://pbs.twimg.com/profile_images/755006920314937344/PPQ8LKFs_normal.jpg,false,true
Neil deGrasse Tyson,neiltyson,'19725644',false,2009-01-29 13:40:26,Astrophysicist,8132,14693486,28,7,New York City,1143,https://pbs.twimg.com/profile_banners/19725644/1695282796,https://www.twitter.com/neiltyson,https://pbs.twimg.com/profile_images/1554062945096794113/-MPAg1pY_normal.jpg,false,true
WLOP,wlopwangling,'987978757',true,2012-12-03 22:50:50,"Patreon: https://t.co/6cq1snRDMO
Painting videos and Tutorials: https://t.co/tlQK7ZbJBO
NFT:https://t.co/GEs8i8MZEg",724,746823,181,49,,450,https://pbs.twimg.com/profile_banners/987978757/1658080148,https://www.twitter.com/wlopwangling,https://pbs.twimg.com/profile_images/916939669471862784/SD0xYKa-_normal.jpg,false,true
Brian Berger,Brian_J_Berger,'150732943',false,2010-06-01 13:42:58,"@SpaceNews_Inc editor-in-chief. Covering the business and politics of space since 1998, in print and on the web.",1999,32954,344,310,"Washington, D.C.",284,https://pbs.twimg.com/profile_banners/150732943/1665844165,https://www.twitter.com/Brian_J_Berger,https://pbs.twimg.com/profile_images/1581291424707928064/Zvy6I0in_normal.jpg,false,false
Cathie Wood,CathieDWood,'2361631088',false,2014-02-25 15:47:19,"Founder, CEO and CIO @ARKinvest. Thematic portfolio manager for disruptive innovation, mom, economist, and women's advocate. Disclosure: https://t.co/chxRD4oWOd",6365,1708723,399,2673,"St. Petersburg, FL",358,https://pbs.twimg.com/profile_banners/2361631088/1593641030,https://www.twitter.com/CathieDWood,https://pbs.twimg.com/profile_images/1425157394431107074/dvUgQkt8_normal.jpg,false,true
TheQuoteZone,TheQuoteZoneYT,'1091459141397180416',true,2019-02-01 17:11:52,Mastery of Yourself,13,121976,0,4120,,9,https://pbs.twimg.com/profile_banners/1091459141397180416/1686549990,https://www.twitter.com/TheQuoteZoneYT,https://pbs.twimg.com/profile_images/1668133134444167168/keTCI_yM_normal.jpg,false,true
BBC Science News,BBCScienceNews,'621573',false,2007-01-10 07:39:46,"News, features and analysis from the BBC Science & Environment news desk.",37308,1837418,3,143,"London, England",1845,https://pbs.twimg.com/profile_banners/621573/1448036803,https://www.twitter.com/BBCScienceNews,https://pbs.twimg.com/profile_images/1278363789474349056/9nb06sun_normal.jpg,false,true
The Stoic Emperor,TheStoicEmperor,'851773048973807617',true,2017-04-11 08:24:54,"Modern meditations. Wisdom for the world of today. These are new thoughts, not quotes.",1460,403134,271,2872,The Inner Citadel,23,https://pbs.twimg.com/profile_banners/851773048973807617/1491915033,https://www.twitter.com/TheStoicEmperor,https://pbs.twimg.com/profile_images/851774550631104514/FnBLKlzZ_normal.jpg,false,true
Dan Carlin,HardcoreHistory,'20972371',false,2009-02-16 04:09:28,"Dan Carlin's Hardcore History Twitter feed quote: Yes, I know the show is late... endquote",17513,443444,148,26,New Media,113,https://pbs.twimg.com/profile_banners/20972371/1613586527,https://www.twitter.com/HardcoreHistory,https://pbs.twimg.com/profile_images/1742620864452100099/Yt0E_6hJ_normal.jpg,false,true
Jon Favreau,Jon_Favreau,'22677790',false,2009-03-03 15:55:05,actor/writer/director,3747,2280911,216,306,Hollywood,347,,https://www.twitter.com/Jon_Favreau,https://pbs.twimg.com/profile_images/809883338873839616/4PGFZ7OX_normal.jpg,false,true
Marc Andreessen 🇺🇸,pmarca,'5943622',true,2007-05-10 19:39:54,Techno-optimist. E/acc. Technology brother. Move Fast and Make Things. p(Doom) = 0; p(“1984”) = not 0.,8439,1385363,23470,282410,"Menlo Park, CA",1508,https://pbs.twimg.com/profile_banners/5943622/1709017500,https://www.twitter.com/pmarca,https://pbs.twimg.com/profile_images/1701859298052395008/LRL52lFR_normal.jpg,false,true
World of Engineering,engineers_feed,'3429950987',false,2015-08-18 10:38:54,The most fun way to learn something new everyday. Brother page of @stats_feed,17897,3655240,64,2617,,6514,https://pbs.twimg.com/profile_banners/3429950987/1666617954,https://www.twitter.com/engineers_feed,https://pbs.twimg.com/profile_images/1509808420030844929/ifEhyqHM_normal.jpg,false,true
BBC Comedy,bbccomedy,'7267562',false,2007-07-05 08:11:09,"chicken bhuna, lamb bhuna and prawn bhuna, mushroom rice, bag of chips, keema naan and 9 poppadoms",28439,403371,5425,10972,"London, UK",5037,https://pbs.twimg.com/profile_banners/7267562/1688394221,https://www.twitter.com/bbccomedy,https://pbs.twimg.com/profile_images/1016231093425582080/lUZK3DzN_normal.jpg,false,true
Ken Levine,levine,'64488804',true,2009-08-10 15:24:58,"Creative Director, Ghost Story Games (formerly Irrational). Current Project:  https://t.co/0MivILojQi https://t.co/KVTfvokKHH",11489,769761,484,993,Boston,615,https://pbs.twimg.com/profile_banners/64488804/1370446877,https://www.twitter.com/levine,https://pbs.twimg.com/profile_images/1265207755/tiger_beat_normal.jpg,false,false
Niche Gamer,nichegamer,'1558996520',false,2013-06-30 17:39:21,https://t.co/TZCDnIuXq6 is the premiere enthusiast gaming and culture site for niche and unique stuff from across the globe.,115899,155792,226,38648,Become a member,65656,https://pbs.twimg.com/profile_banners/1558996520/1671326611,https://www.twitter.com/nichegamer,https://pbs.twimg.com/profile_images/1739756487151349760/FFx1pmBa_normal.jpg,false,true
Tosca Musk,ToscaMusk,'11150432',false,2007-12-13 22:32:29,https://t.co/yv1HxCLUFb,8717,197171,424,26854,,318,https://pbs.twimg.com/profile_banners/11150432/1411855810,https://www.twitter.com/ToscaMusk,https://pbs.twimg.com/profile_images/427559226/IMG_6338_normal.JPG,false,true
Lisa Joy,lisajoynolan,'289476502',false,2011-04-28 14:24:59,,1733,29943,672,5970,Los Angeles,46,https://pbs.twimg.com/profile_banners/289476502/1620956725,https://www.twitter.com/lisajoynolan,https://pbs.twimg.com/profile_images/1530220195930812416/NAdAd2MB_normal.jpg,false,false
BBC Breaking News,BBCBreaking,'5402612',false,2007-04-22 10:42:37,"Breaking news alerts and updates from the BBC. For news, features, analysis follow @BBCWorld (international) or @BBCNews (UK). Latest sport news @BBCSport.",40452,51751628,3,0,"London, UK",4518,https://pbs.twimg.com/profile_banners/5402612/1663658724,https://www.twitter.com/BBCBreaking,https://pbs.twimg.com/profile_images/1150716997254209536/M7gkjsv5_normal.jpg,false,true
GeekWire,geekwire,'255784266',false,2011-02-21 20:40:35,"Breaking news and analysis on Amazon, Microsoft, Pacific Northwest startups, health tech, geek life, more. Subscribe to our newsletter: https://t.co/T0ImNTk2lc",75122,172528,3174,2062,Seattle,19549,https://pbs.twimg.com/profile_banners/255784266/1630359414,https://www.twitter.com/geekwire,https://pbs.twimg.com/profile_images/454998478880403457/BjKnFxtf_normal.png,false,true
SwiftOnSecurity,SwiftOnSecurity,'2436389418',false,2014-04-09 22:54:26,computer security person. former helpdesk.,167647,402482,9108,145691,"Cyber, USA",18903,https://pbs.twimg.com/profile_banners/2436389418/1658252078,https://www.twitter.com/SwiftOnSecurity,https://pbs.twimg.com/profile_images/1710842853134315521/LImt45Gv_normal.jpg,false,false
CGP Grey 🐝,cgpgrey,'176774540',false,2010-08-10 08:03:08,⁢⁢⁢⁢⁢,133,292270,277,16,,46,https://pbs.twimg.com/profile_banners/176774540/1682092835,https://www.twitter.com/cgpgrey,https://pbs.twimg.com/profile_images/1220438277796352001/jhrzYrf5_normal.jpg,false,true
bill lee,westcoastbill,'692023',false,2007-01-24 01:20:18,investor: @spacex @passionflix @cloud9 @neuralink @tesla @boringcompany @x @coinbase @groqinc @stabilityai @mydogeofficial,6634,120140,532,7638,Being First,491,https://pbs.twimg.com/profile_banners/692023/1590347514,https://www.twitter.com/westcoastbill,https://pbs.twimg.com/profile_images/1534972166122393611/vPpsxivk_normal.jpg,false,true
Fermat's Library,fermatslibrary,'3511430425',true,2015-09-09 23:54:59,"A platform for illuminating academic papers. We annotate and share a paper every week. Save, annotate and share papers with anyone: https://t.co/0o2Pls3jmo",3054,747188,4,164,,2625,https://pbs.twimg.com/profile_banners/3511430425/1444777996,https://www.twitter.com/fermatslibrary,https://pbs.twimg.com/profile_images/641822497457860608/zd6kUAag_normal.png,false,true
Rick and Morty,RickandMorty,'729468343',true,2012-07-31 19:17:58,Watch Rick and Morty on @adultswim and @streamonmax,5202,2616939,212,11711,,1451,https://pbs.twimg.com/profile_banners/729468343/1697232040,https://www.twitter.com/RickandMorty,https://pbs.twimg.com/profile_images/897250392022540288/W1T-QjML_normal.jpg,false,true
NASA JPL,NASAJPL,'19802879',false,2009-01-30 22:19:43,"The Jet Propulsion Laboratory manages many of NASA's robotic missions exploring Earth, the solar system, and our universe. (Verification: https://t.co/iicDVgZd2m)",11862,3863436,127,15485,"Pasadena, Calif.",4979,https://pbs.twimg.com/profile_banners/19802879/1398298134,https://www.twitter.com/NASAJPL,https://pbs.twimg.com/profile_images/1648465794626625537/nFP8oyH3_normal.jpg,false,true
International Space Station,Space_Station,'1451773004',false,2013-05-23 11:25:28,"NASA's page for the latest updates from the International Space Station. For the newest science, follow @ISS_Research. Verification: https://t.co/jSJ1pgS2xl",17765,8272908,182,23067,Low Earth Orbit,7700,https://pbs.twimg.com/profile_banners/1451773004/1643308708,https://www.twitter.com/Space_Station,https://pbs.twimg.com/profile_images/1189945624583720960/k6MtoeIt_normal.jpg,false,true
The Boring Company,boringcompany,'859816394556284929',false,2017-05-03 13:06:17,Beat the snail,249,1005495,9,142,Austin/Las Vegas,79,https://pbs.twimg.com/profile_banners/859816394556284929/1594149809,https://www.twitter.com/boringcompany,https://pbs.twimg.com/profile_images/1039775185862242304/-NLaPOqV_normal.jpg,false,false
World and Science,WorldAndScience,'511402689',false,2012-03-02 00:14:54,Frequently updated assortment of tweets related to the world of science (with some side tracking) - As an Amazon Associate we earn from qualifying purchases,4913,2534322,26,566,,1548,https://pbs.twimg.com/profile_banners/511402689/1530542947,https://www.twitter.com/WorldAndScience,https://pbs.twimg.com/profile_images/1013797033067581440/lUcwwDZ2_normal.jpg,false,true
Hyperloop,Hyperloop,'1654188770',false,2013-08-07 20:24:30,Official Twitter account for the @SpaceX Hyperloop Pod Competition,115,257212,82,82,"Hawthorne, CA",36,https://pbs.twimg.com/profile_banners/1654188770/1548458244,https://www.twitter.com/Hyperloop,https://pbs.twimg.com/profile_images/1088938864691970048/wzhp5jq2_normal.jpg,false,true
Medical Xpress,medical_xpress,'287568380',false,2011-04-25 03:40:20,Latest research news on health and medicine,89497,171645,21,31861,,2,,https://www.twitter.com/medical_xpress,https://pbs.twimg.com/profile_images/1324543229/logo_normal.jpg,false,false
South Park,SouthPark,'23504870',false,2009-03-09 17:28:12,Watch full episodes of South Park for free ⬇ + Order Now: https://t.co/4W42Am8oD1,48173,3563495,248,5736,"Colorado, USA",7536,https://pbs.twimg.com/profile_banners/23504870/1711467938,https://www.twitter.com/SouthPark,https://pbs.twimg.com/profile_images/1772651127449812992/bkCRNVfB_normal.jpg,false,true
NASA,NASA,'11348282',false,2007-12-19 15:20:32,"There's space for everybody. ✨

Verification: https://t.co/8nok3NP4PW",71732,80340446,174,16199,Pale Blue Dot,26874,https://pbs.twimg.com/profile_banners/11348282/1712696454,https://www.twitter.com/NASA,https://pbs.twimg.com/profile_images/1321163587679784960/0ZxKlEKB_normal.jpg,false,true
DEVELOP,developonline,'38430500',false,2009-05-07 09:33:36,"DEVELOP, part of @MCV_DEVELOP, analyses and supports the global games dev community. Tweets from @zptr and @wallacec42. DMs open, get in touch!",30474,73937,2919,476,UK,4320,https://pbs.twimg.com/profile_banners/38430500/1617889031,https://www.twitter.com/developonline,https://pbs.twimg.com/profile_images/962008179155484672/MIoPrV0c_normal.jpg,false,false
The Hacker News,TheHackersNews,'209811713',true,2010-10-29 19:55:25,"#1 Most trusted publication for breaking cybersecurity and hacking news, insights, and analysis for information security professionals.",38982,913008,2044,8009,The Internet,7048,https://pbs.twimg.com/profile_banners/209811713/1669744480,https://www.twitter.com/TheHackersNews,https://pbs.twimg.com/profile_images/1597647879811657728/FLgHrLHy_normal.jpg,false,false
XKCD Comic,xkcdComic,'2251623492',false,2013-12-18 03:00:58,"XKCD comic feed with images and mobile friendly links. Unofficial, feed run by @dghubble",1481,372402,1,3,,1390,,https://www.twitter.com/xkcdComic,https://pbs.twimg.com/profile_images/413359024617185280/pS8lVAWA_normal.png,false,true
Tim Urban,waitbutwhy,'1282121312',false,2013-03-19 22:43:48,"Writer, infant",6865,821664,796,4277,,1747,https://pbs.twimg.com/profile_banners/1282121312/1654100504,https://www.twitter.com/waitbutwhy,https://pbs.twimg.com/profile_images/378800000096549990/2b5b8a614e16b1527ebb75e1a7266d85_normal.jpeg,false,true
@arxivblog,arxivblog,'259771124',false,2011-03-02 10:25:01,"The best new ideas in science and technology. Now blogging at Discover Magazine, previously at Technology Review and Medium",2224,92406,0,0,,587,,https://www.twitter.com/arxivblog,https://pbs.twimg.com/profile_images/693374807023427584/MQkKnFK9_normal.jpg,false,true
Neuroskeptic 🇺🇦,Neuro_Skeptic,'316327930',false,2011-06-13 04:42:52,"Neuroscience, psychology and psychiatry through a skeptical lens. Just a brain with some eyes. Formerly blogged for @DiscoverMag.",43990,246298,378,82606,UK,4938,,https://www.twitter.com/Neuro_Skeptic,https://pbs.twimg.com/profile_images/1487504896077275136/4fq0JLxQ_normal.jpg,false,true
TeslaRoadTrip,TeslaRoadTrip,'1182382878',true,2013-02-15 07:36:10,Technology. EV's. Sustainable Transport. Renewable Energy. Road trip emission free! 🚙Tesla Referral Code @ https://t.co/rjvnqjW4M8,6479,106964,371,12988,United States,1395,https://pbs.twimg.com/profile_banners/1182382878/1693053351,https://www.twitter.com/TeslaRoadTrip,https://pbs.twimg.com/profile_images/734096765562048512/9GpgjowV_normal.jpg,false,true
